Date,StockCode,Actual_Demand,Predicted_Demand,Model
2011-11-10,84077,245,633.4998468253847,LightGBM
2011-11-11,84077,250,359.95884399594604,LightGBM
2011-11-12,84077,0,152.52293446394467,LightGBM
2011-11-13,84077,144,249.82817881145456,LightGBM
2011-11-14,84077,340,340.16228467544937,LightGBM
2011-11-15,84077,101,639.1999116379774,LightGBM
2011-11-16,84077,293,551.1236563352041,LightGBM
2011-11-17,84077,192,556.6634168140606,LightGBM
2011-11-18,84077,148,493.806181315195,LightGBM
2011-11-19,84077,0,152.52293446394467,LightGBM
2011-11-20,84077,96,239.9574385522003,LightGBM
2011-11-21,84077,348,435.97588774113956,LightGBM
2011-11-22,84077,97,646.6095981120828,LightGBM
2011-11-23,84077,257,429.80061909234536,LightGBM
2011-11-24,84077,19,471.26903246805267,LightGBM
2011-11-25,84077,98,814.9932276326854,LightGBM
2011-11-26,84077,0,565.1366489216636,LightGBM
2011-11-27,84077,96,448.9067563705496,LightGBM
2011-11-28,84077,58,730.097850171963,LightGBM
2011-11-29,84077,96,898.9235440731861,LightGBM
2011-11-30,84077,241,720.0239434679944,LightGBM
2011-12-01,84077,198,745.7344034205706,LightGBM
2011-12-02,84077,96,551.9736205282547,LightGBM
2011-12-03,84077,0,300.21239043349266,LightGBM
2011-12-04,84077,0,402.55178402972564,LightGBM
2011-12-05,84077,205,738.9004490425896,LightGBM
2011-12-06,84077,243,742.5260774520772,LightGBM
2011-12-07,84077,240,794.4671641547103,LightGBM
2011-12-08,84077,336,853.8562930612878,LightGBM
2011-12-09,84077,49,633.3299884882308,LightGBM
2011-11-10,85099B,1074,214.56983178478848,LightGBM
2011-11-11,85099B,48,174.25649898764897,LightGBM
2011-11-12,85099B,0,10.158780867757258,LightGBM
2011-11-13,85099B,47,65.81609469867423,LightGBM
2011-11-14,85099B,660,155.22757124679774,LightGBM
2011-11-15,85099B,380,363.31673537410404,LightGBM
2011-11-16,85099B,316,404.4420955181162,LightGBM
2011-11-17,85099B,97,392.8441014264225,LightGBM
2011-11-18,85099B,62,148.73305168445495,LightGBM
2011-11-19,85099B,0,16.7685610409304,LightGBM
2011-11-20,85099B,87,60.17808458548111,LightGBM
2011-11-21,85099B,147,177.3744105926753,LightGBM
2011-11-22,85099B,132,267.79154164672536,LightGBM
2011-11-23,85099B,146,264.51322492275017,LightGBM
2011-11-24,85099B,245,256.27525530435025,LightGBM
2011-11-25,85099B,55,188.62432162586833,LightGBM
2011-11-26,85099B,0,39.43198383260999,LightGBM
2011-11-27,85099B,28,99.17663292729259,LightGBM
2011-11-28,85099B,42,275.82936393379333,LightGBM
2011-11-29,85099B,165,626.1841611797,LightGBM
2011-11-30,85099B,189,309.52445089685244,LightGBM
2011-12-01,85099B,149,310.9128029130382,LightGBM
2011-12-02,85099B,493,181.99604417094383,LightGBM
2011-12-03,85099B,0,37.2064038022534,LightGBM
2011-12-04,85099B,12,55.49165810382362,LightGBM
2011-12-05,85099B,66,274.42912074679856,LightGBM
2011-12-06,85099B,175,223.04360948526386,LightGBM
2011-12-07,85099B,89,217.65034825029315,LightGBM
2011-12-08,85099B,106,214.89645379401708,LightGBM
2011-12-09,85099B,15,165.3056860626432,LightGBM
2011-11-10,21212,78,95.49406800416182,LightGBM
2011-11-11,21212,50,57.00488510185466,LightGBM
2011-11-12,21212,0,12.569599547558866,LightGBM
2011-11-13,21212,87,62.44108932867611,LightGBM
2011-11-14,21212,164,70.99040906371485,LightGBM
2011-11-15,21212,62,64.489785624669,LightGBM
2011-11-16,21212,88,262.7968142168373,LightGBM
2011-11-17,21212,84,143.98607309702942,LightGBM
2011-11-18,21212,109,315.52598730101977,LightGBM
2011-11-19,21212,0,26.89452516946788,LightGBM
2011-11-20,21212,81,137.65720982096704,LightGBM
2011-11-21,21212,100,115.57393159038979,LightGBM
2011-11-22,21212,99,133.906936350552,LightGBM
2011-11-23,21212,81,128.7474113817755,LightGBM
2011-11-24,21212,1,138.17758568913462,LightGBM
2011-11-25,21212,45,117.9199339539088,LightGBM
2011-11-26,21212,0,38.41797718606449,LightGBM
2011-11-27,21212,15,119.16826673466143,LightGBM
2011-11-28,21212,60,116.75536751044159,LightGBM
2011-11-29,21212,52,153.2607247764221,LightGBM
2011-11-30,21212,241,140.0815005396318,LightGBM
2011-12-01,21212,29,137.93512798564035,LightGBM
2011-12-02,21212,116,100.32063399321363,LightGBM
2011-12-03,21212,0,60.373290319604585,LightGBM
2011-12-04,21212,48,96.28429637177258,LightGBM
2011-12-05,21212,42,137.77049950095275,LightGBM
2011-12-06,21212,90,193.6577210821999,LightGBM
2011-12-07,21212,74,457.9851003116277,LightGBM
2011-12-08,21212,51,171.98053935914837,LightGBM
2011-12-09,21212,9,256.65464778381926,LightGBM
2011-11-10,85123A,71,161.0850515550797,LightGBM
2011-11-11,85123A,134,111.38220676075251,LightGBM
2011-11-12,85123A,0,0.0,LightGBM
2011-11-13,85123A,67,125.80836144684159,LightGBM
2011-11-14,85123A,380,143.52733222409822,LightGBM
2011-11-15,85123A,457,129.885157789661,LightGBM
2011-11-16,85123A,160,172.11656816464654,LightGBM
2011-11-17,85123A,102,194.61458406569162,LightGBM
2011-11-18,85123A,125,236.29137193390807,LightGBM
2011-11-19,85123A,0,1.0828534261537888,LightGBM
2011-11-20,85123A,102,153.6456795571745,LightGBM
2011-11-21,85123A,36,327.22238217379305,LightGBM
2011-11-22,85123A,253,320.4293193759941,LightGBM
2011-11-23,85123A,250,375.23416187440904,LightGBM
2011-11-24,85123A,131,485.211831248368,LightGBM
2011-11-25,85123A,225,239.15965014452084,LightGBM
2011-11-26,85123A,0,18.477212431228295,LightGBM
2011-11-27,85123A,8,162.6996549118755,LightGBM
2011-11-28,85123A,133,330.4838562432552,LightGBM
2011-11-29,85123A,116,358.99631010357325,LightGBM
2011-11-30,85123A,315,377.28045054011153,LightGBM
2011-12-01,85123A,41,364.95338597682917,LightGBM
2011-12-02,85123A,117,217.3354738239497,LightGBM
2011-12-03,85123A,0,18.369068727578444,LightGBM
2011-12-04,85123A,8,144.66820560217485,LightGBM
2011-12-05,85123A,313,294.9414876093306,LightGBM
2011-12-06,85123A,39,361.86619929322933,LightGBM
2011-12-07,85123A,202,335.28234251961055,LightGBM
2011-12-08,85123A,115,336.60079545093384,LightGBM
2011-12-09,85123A,4,308.67656023526695,LightGBM
2011-11-10,22197,339,270.54312975469827,LightGBM
2011-11-11,22197,184,729.4717200354056,LightGBM
2011-11-12,22197,0,165.90200815099448,LightGBM
2011-11-13,22197,114,293.0621085125281,LightGBM
2011-11-14,22197,1767,506.1939925843602,LightGBM
2011-11-15,22197,221,671.6871747230756,LightGBM
2011-11-16,22197,352,350.9359201706282,LightGBM
2011-11-17,22197,135,407.0227486266744,LightGBM
2011-11-18,22197,449,439.74900735114403,LightGBM
2011-11-19,22197,0,241.3659489841277,LightGBM
2011-11-20,22197,218,341.44596085989576,LightGBM
2011-11-21,22197,349,956.8775933175058,LightGBM
2011-11-22,22197,1162,413.2921249807164,LightGBM
2011-11-23,22197,497,313.7517125698175,LightGBM
2011-11-24,22197,558,368.38187113364125,LightGBM
2011-11-25,22197,342,421.104388721986,LightGBM
2011-11-26,22197,0,414.7372560950244,LightGBM
2011-11-27,22197,47,335.4602593632115,LightGBM
2011-11-28,22197,244,640.6467374947773,LightGBM
2011-11-29,22197,796,952.6119871672587,LightGBM
2011-11-30,22197,470,804.2367997472428,LightGBM
2011-12-01,22197,279,318.324222085655,LightGBM
2011-12-02,22197,1369,435.6437198248972,LightGBM
2011-12-03,22197,0,538.4251604092358,LightGBM
2011-12-04,22197,113,521.0097345545694,LightGBM
2011-12-05,22197,410,506.7886451312586,LightGBM
2011-12-06,22197,337,559.455055430833,LightGBM
2011-12-07,22197,368,737.774756406885,LightGBM
2011-12-08,22197,3111,694.9059606501626,LightGBM
2011-12-09,22197,230,797.3476698519689,LightGBM
2011-11-10,84879,200,557.4978521540739,LightGBM
2011-11-11,84879,92,163.03898764125123,LightGBM
2011-11-12,84879,0,0.0,LightGBM
2011-11-13,84879,56,150.62381494601402,LightGBM
2011-11-14,84879,303,170.03249158962436,LightGBM
2011-11-15,84879,107,144.19494072331557,LightGBM
2011-11-16,84879,289,496.73665085754885,LightGBM
2011-11-17,84879,94,113.02666193056895,LightGBM
2011-11-18,84879,368,148.2487802397181,LightGBM
2011-11-19,84879,0,15.064384650440859,LightGBM
2011-11-20,84879,149,197.2877666531656,LightGBM
2011-11-21,84879,179,241.80208655221443,LightGBM
2011-11-22,84879,132,328.8795025326646,LightGBM
2011-11-23,84879,80,172.4354602966579,LightGBM
2011-11-24,84879,355,355.3216791010046,LightGBM
2011-11-25,84879,272,144.50138557219708,LightGBM
2011-11-26,84879,0,11.143889778439188,LightGBM
2011-11-27,84879,8,167.7409127634961,LightGBM
2011-11-28,84879,56,110.83240979898073,LightGBM
2011-11-29,84879,127,129.85152236489182,LightGBM
2011-11-30,84879,112,405.4934330453651,LightGBM
2011-12-01,84879,88,267.5019019053725,LightGBM
2011-12-02,84879,504,180.33809318263903,LightGBM
2011-12-03,84879,0,5.627355273707137,LightGBM
2011-12-04,84879,66,159.83555854508393,LightGBM
2011-12-05,84879,133,207.06236144401572,LightGBM
2011-12-06,84879,240,174.40567266463745,LightGBM
2011-12-07,84879,256,382.42634514666895,LightGBM
2011-12-08,84879,11,428.94989638977086,LightGBM
2011-12-09,84879,32,148.85650502479308,LightGBM
2011-11-10,17003,36,0.0,LightGBM
2011-11-11,17003,0,231.81222170009258,LightGBM
2011-11-12,17003,0,1.5477709060531804,LightGBM
2011-11-13,17003,64,47.94137147772898,LightGBM
2011-11-14,17003,190,664.6834377107544,LightGBM
2011-11-15,17003,0,52.343468398090636,LightGBM
2011-11-16,17003,87,87.25159312941533,LightGBM
2011-11-17,17003,0,0.0,LightGBM
2011-11-18,17003,2,173.82124440971523,LightGBM
2011-11-19,17003,0,7.066321065311762,LightGBM
2011-11-20,17003,36,76.83667166439936,LightGBM
2011-11-21,17003,108,94.88675015104377,LightGBM
2011-11-22,17003,130,142.92392197954803,LightGBM
2011-11-23,17003,4,193.4876095061083,LightGBM
2011-11-24,17003,51,82.03277174926998,LightGBM
2011-11-25,17003,37,157.97811969843312,LightGBM
2011-11-26,17003,0,86.4918451784946,LightGBM
2011-11-27,17003,144,292.04140601869506,LightGBM
2011-11-28,17003,0,316.3434298702225,LightGBM
2011-11-29,17003,38,147.65460665380152,LightGBM
2011-11-30,17003,72,322.6683982465587,LightGBM
2011-12-01,17003,14,761.6961134173195,LightGBM
2011-12-02,17003,1,886.3166654673284,LightGBM
2011-12-03,17003,0,21.398272530159264,LightGBM
2011-12-04,17003,5,32.92847305161395,LightGBM
2011-12-05,17003,17,167.78923342970313,LightGBM
2011-12-06,17003,114,156.0556765834307,LightGBM
2011-12-07,17003,70,322.37034430018986,LightGBM
2011-12-08,17003,76,216.4428837025005,LightGBM
2011-12-09,17003,0,0.0,LightGBM
2011-11-10,21977,146,29.156275369876425,LightGBM
2011-11-11,21977,40,6.428202177590692,LightGBM
2011-11-12,21977,0,0.0,LightGBM
2011-11-13,21977,62,9.492108643024487,LightGBM
2011-11-14,21977,6,6.27852783080235,LightGBM
2011-11-15,21977,53,8.53533274587182,LightGBM
2011-11-16,21977,243,32.60529127295385,LightGBM
2011-11-17,21977,6,92.07905540280727,LightGBM
2011-11-18,21977,97,124.24175068944758,LightGBM
2011-11-19,21977,0,0.0,LightGBM
2011-11-20,21977,10,5.929119956616267,LightGBM
2011-11-21,21977,221,87.90051674485309,LightGBM
2011-11-22,21977,49,101.61915027220532,LightGBM
2011-11-23,21977,77,402.1324552772592,LightGBM
2011-11-24,21977,29,333.8709563497407,LightGBM
2011-11-25,21977,5,40.089888718616145,LightGBM
2011-11-26,21977,0,14.389625714785856,LightGBM
2011-11-27,21977,11,58.07769234275903,LightGBM
2011-11-28,21977,29,120.51785373181377,LightGBM
2011-11-29,21977,58,69.25934495355622,LightGBM
2011-11-30,21977,124,65.22911730427374,LightGBM
2011-12-01,21977,13,166.52759132995774,LightGBM
2011-12-02,21977,6,53.199916698800536,LightGBM
2011-12-03,21977,0,79.02029808014227,LightGBM
2011-12-04,21977,9,43.929767457082335,LightGBM
2011-12-05,21977,56,176.94404950178168,LightGBM
2011-12-06,21977,26,61.083725553330694,LightGBM
2011-12-07,21977,55,168.4709928820555,LightGBM
2011-12-08,21977,66,92.24688024446378,LightGBM
2011-12-09,21977,3,70.0391756238258,LightGBM
2011-11-10,84991,51,134.3167529568208,LightGBM
2011-11-11,84991,10,64.87136093231638,LightGBM
2011-11-12,84991,0,12.935142684059574,LightGBM
2011-11-13,84991,36,107.4155843511352,LightGBM
2011-11-14,84991,31,83.19965370170172,LightGBM
2011-11-15,84991,225,230.74136678587982,LightGBM
2011-11-16,84991,247,77.30265080551796,LightGBM
2011-11-17,84991,10,77.31851567842992,LightGBM
2011-11-18,84991,26,172.36355151224043,LightGBM
2011-11-19,84991,0,22.307184507448827,LightGBM
2011-11-20,84991,8,166.88079879077205,LightGBM
2011-11-21,84991,183,102.18849938068212,LightGBM
2011-11-22,84991,50,158.07281320683455,LightGBM
2011-11-23,84991,101,154.9072333393989,LightGBM
2011-11-24,84991,14,105.1709699705131,LightGBM
2011-11-25,84991,0,70.44157859872752,LightGBM
2011-11-26,84991,0,46.555433311231475,LightGBM
2011-11-27,84991,9,85.59154578428046,LightGBM
2011-11-28,84991,1,87.1950709724246,LightGBM
2011-11-29,84991,37,144.85353387727395,LightGBM
2011-11-30,84991,50,97.33830168537992,LightGBM
2011-12-01,84991,0,70.21736270038006,LightGBM
2011-12-02,84991,27,76.90564434818934,LightGBM
2011-12-03,84991,0,57.65795966555514,LightGBM
2011-12-04,84991,21,72.00118716490717,LightGBM
2011-12-05,84991,33,110.82988584023575,LightGBM
2011-12-06,84991,3,119.74747653244377,LightGBM
2011-12-07,84991,31,107.12560145921728,LightGBM
2011-12-08,84991,20,103.57914504272254,LightGBM
2011-12-09,84991,1,72.36492909810981,LightGBM
2011-11-10,15036,12,18.376879560261546,LightGBM
2011-11-11,15036,14,19.92839839340062,LightGBM
2011-11-12,15036,0,5.345910471429527,LightGBM
2011-11-13,15036,24,5.629208571247001,LightGBM
2011-11-14,15036,0,22.120984172790816,LightGBM
2011-11-15,15036,30,131.6680658332922,LightGBM
2011-11-16,15036,61,54.49772376889548,LightGBM
2011-11-17,15036,1,46.73114170408487,LightGBM
2011-11-18,15036,12,34.64639897431095,LightGBM
2011-11-19,15036,0,3.6441030878258167,LightGBM
2011-11-20,15036,0,8.674597380018483,LightGBM
2011-11-21,15036,24,34.65238725241521,LightGBM
2011-11-22,15036,2,72.85508862374103,LightGBM
2011-11-23,15036,84,67.96100783937591,LightGBM
2011-11-24,15036,113,71.01840287367199,LightGBM
2011-11-25,15036,14,63.38149903638905,LightGBM
2011-11-26,15036,0,35.40013031194843,LightGBM
2011-11-27,15036,0,11.634140717404748,LightGBM
2011-11-28,15036,84,96.81267194486405,LightGBM
2011-11-29,15036,2,126.09608261029172,LightGBM
2011-11-30,15036,2,169.59833787354654,LightGBM
2011-12-01,15036,1,56.491270946616545,LightGBM
2011-12-02,15036,54,82.5572357532982,LightGBM
2011-12-03,15036,0,33.15993463807389,LightGBM
2011-12-04,15036,0,53.82918816273542,LightGBM
2011-12-05,15036,5,36.984600262661345,LightGBM
2011-12-06,15036,0,74.78621736870211,LightGBM
2011-12-07,15036,0,67.62057110839908,LightGBM
2011-12-08,15036,8,139.06375296992093,LightGBM
2011-12-09,15036,1,88.2547640324455,LightGBM
2011-11-10,22492,1188,272.210154629521,LightGBM
2011-11-11,22492,74,137.05738977425818,LightGBM
2011-11-12,22492,0,8.85016913636106,LightGBM
2011-11-13,22492,0,120.35884146912201,LightGBM
2011-11-14,22492,421,158.35117200345442,LightGBM
2011-11-15,22492,2,174.57597286951741,LightGBM
2011-11-16,22492,36,135.46226529017704,LightGBM
2011-11-17,22492,108,190.1113079329518,LightGBM
2011-11-18,22492,76,216.02066251076508,LightGBM
2011-11-19,22492,0,15.50948224533744,LightGBM
2011-11-20,22492,36,130.73979358714834,LightGBM
2011-11-21,22492,111,173.78614777978564,LightGBM
2011-11-22,22492,38,154.27901550985385,LightGBM
2011-11-23,22492,144,182.57526651044222,LightGBM
2011-11-24,22492,72,182.33610827100824,LightGBM
2011-11-25,22492,37,198.822728269534,LightGBM
2011-11-26,22492,0,152.15846317179356,LightGBM
2011-11-27,22492,0,193.7670549820268,LightGBM
2011-11-28,22492,37,197.11943198092183,LightGBM
2011-11-29,22492,77,187.53646423411993,LightGBM
2011-11-30,22492,115,165.25305527789104,LightGBM
2011-12-01,22492,36,239.33772965103455,LightGBM
2011-12-02,22492,36,219.21894908600424,LightGBM
2011-12-03,22492,0,176.23717881296642,LightGBM
2011-12-04,22492,0,236.8400115363974,LightGBM
2011-12-05,22492,4,326.4607128086917,LightGBM
2011-12-06,22492,36,148.19981418722614,LightGBM
2011-12-07,22492,108,220.23752711930064,LightGBM
2011-12-08,22492,72,307.70851510871785,LightGBM
2011-12-09,22492,0,291.89128418665194,LightGBM
2011-11-10,84755,52,34.90276810992403,LightGBM
2011-11-11,84755,168,20.134970655431623,LightGBM
2011-11-12,84755,0,8.297190080532905,LightGBM
2011-11-13,84755,32,19.165317882381906,LightGBM
2011-11-14,84755,72,21.61331636140303,LightGBM
2011-11-15,84755,16,29.901220254931562,LightGBM
2011-11-16,84755,20,43.54843958652377,LightGBM
2011-11-17,84755,16,44.494912188536325,LightGBM
2011-11-18,84755,16,21.412241200940738,LightGBM
2011-11-19,84755,0,8.297190080532905,LightGBM
2011-11-20,84755,4,18.414073862772845,LightGBM
2011-11-21,84755,0,23.871549563550943,LightGBM
2011-11-22,84755,40,38.37216690767573,LightGBM
2011-11-23,84755,256,29.039006702734966,LightGBM
2011-11-24,84755,48,41.1423316053206,LightGBM
2011-11-25,84755,4,20.778149943923136,LightGBM
2011-11-26,84755,0,8.324811348985321,LightGBM
2011-11-27,84755,0,18.414073862772845,LightGBM
2011-11-28,84755,16,28.55759545330065,LightGBM
2011-11-29,84755,0,41.1423316053206,LightGBM
2011-11-30,84755,4,44.134278904030374,LightGBM
2011-12-01,84755,20,38.211294133281704,LightGBM
2011-12-02,84755,0,18.618963116037754,LightGBM
2011-12-03,84755,0,8.958902606002923,LightGBM
2011-12-04,84755,0,17.8862523334072,LightGBM
2011-12-05,84755,72,24.43085206186369,LightGBM
2011-12-06,84755,16,36.01431086598355,LightGBM
2011-12-07,84755,16,38.211294133281704,LightGBM
2011-12-08,84755,36,41.7764228623382,LightGBM
2011-12-09,84755,4,18.618963116037754,LightGBM
2011-11-10,20725,93,89.65534249091252,LightGBM
2011-11-11,20725,88,49.804888027593535,LightGBM
2011-11-12,20725,0,5.246480341348719,LightGBM
2011-11-13,20725,23,39.04944621963984,LightGBM
2011-11-14,20725,155,53.28306261488654,LightGBM
2011-11-15,20725,232,66.46998579750881,LightGBM
2011-11-16,20725,66,65.3931807163104,LightGBM
2011-11-17,20725,71,92.95358420681593,LightGBM
2011-11-18,20725,76,58.85717074313201,LightGBM
2011-11-19,20725,0,8.317479050951992,LightGBM
2011-11-20,20725,49,45.031009148409055,LightGBM
2011-11-21,20725,37,89.2230384399956,LightGBM
2011-11-22,20725,47,164.82554535375368,LightGBM
2011-11-23,20725,37,75.33796770168051,LightGBM
2011-11-24,20725,44,95.28009582142107,LightGBM
2011-11-25,20725,93,73.5480284072377,LightGBM
2011-11-26,20725,0,14.461458117520769,LightGBM
2011-11-27,20725,18,53.10656743250116,LightGBM
2011-11-28,20725,58,72.70213218624365,LightGBM
2011-11-29,20725,49,89.87097828261388,LightGBM
2011-11-30,20725,91,98.67324891491121,LightGBM
2011-12-01,20725,51,96.47679132734977,LightGBM
2011-12-02,20725,72,68.09751957648362,LightGBM
2011-12-03,20725,0,24.93609008648761,LightGBM
2011-12-04,20725,10,55.86191261916959,LightGBM
2011-12-05,20725,50,66.92774271072308,LightGBM
2011-12-06,20725,85,109.08381606245975,LightGBM
2011-12-07,20725,35,99.4502583008161,LightGBM
2011-12-08,20725,52,103.64286487067521,LightGBM
2011-12-09,20725,42,59.9570069567172,LightGBM
2011-11-10,21213,1,54.370608292957684,LightGBM
2011-11-11,21213,47,55.817856381263645,LightGBM
2011-11-12,21213,0,3.3756920863193973,LightGBM
2011-11-13,21213,14,94.37734041110357,LightGBM
2011-11-14,21213,27,57.85994379504469,LightGBM
2011-11-15,21213,10,30.40454626071893,LightGBM
2011-11-16,21213,15,36.66557660607965,LightGBM
2011-11-17,21213,50,65.19257824505361,LightGBM
2011-11-18,21213,32,64.02473537421433,LightGBM
2011-11-19,21213,0,34.75676412984298,LightGBM
2011-11-20,21213,29,88.85482762829248,LightGBM
2011-11-21,21213,26,108.54860854487566,LightGBM
2011-11-22,21213,6,24.27703217004645,LightGBM
2011-11-23,21213,28,46.61309589397664,LightGBM
2011-11-24,21213,0,51.4165839605784,LightGBM
2011-11-25,21213,0,51.32421397661481,LightGBM
2011-11-26,21213,0,35.78203496891351,LightGBM
2011-11-27,21213,4,57.90839633811122,LightGBM
2011-11-28,21213,26,63.68901764996731,LightGBM
2011-11-29,21213,27,110.12311538888258,LightGBM
2011-11-30,21213,121,124.75266944095985,LightGBM
2011-12-01,21213,24,30.558798400289376,LightGBM
2011-12-02,21213,6,31.109059719170688,LightGBM
2011-12-03,21213,0,58.106883561236295,LightGBM
2011-12-04,21213,6,30.36447118938699,LightGBM
2011-12-05,21213,50,51.76506096637347,LightGBM
2011-12-06,21213,3,139.03724478333626,LightGBM
2011-12-07,21213,48,46.52793489132846,LightGBM
2011-12-08,21213,3,33.611106986788904,LightGBM
2011-12-09,21213,2,33.51873700282531,LightGBM
2011-11-10,22178,186,65.4902234048999,LightGBM
2011-11-11,22178,34,58.20093981880565,LightGBM
2011-11-12,22178,0,27.598513778062994,LightGBM
2011-11-13,22178,6,78.4866348451215,LightGBM
2011-11-14,22178,49,79.31379819972528,LightGBM
2011-11-15,22178,39,65.6833156595087,LightGBM
2011-11-16,22178,97,247.30088685262595,LightGBM
2011-11-17,22178,214,50.930770729343216,LightGBM
2011-11-18,22178,2,79.2967302337071,LightGBM
2011-11-19,22178,0,24.003291573728795,LightGBM
2011-11-20,22178,48,70.52660751120528,LightGBM
2011-11-21,22178,209,140.976246142672,LightGBM
2011-11-22,22178,32,48.09270250908759,LightGBM
2011-11-23,22178,11,122.9406321114427,LightGBM
2011-11-24,22178,78,91.16021917826548,LightGBM
2011-11-25,22178,12,101.22955777298655,LightGBM
2011-11-26,22178,0,22.951021701222057,LightGBM
2011-11-27,22178,30,69.61188183068965,LightGBM
2011-11-28,22178,247,90.88553936802766,LightGBM
2011-11-29,22178,80,130.7676618567825,LightGBM
2011-11-30,22178,88,147.2707239023865,LightGBM
2011-12-01,22178,158,131.99942987370903,LightGBM
2011-12-02,22178,26,143.71411432665684,LightGBM
2011-12-03,22178,0,23.30813486424548,LightGBM
2011-12-04,22178,150,92.70091540668739,LightGBM
2011-12-05,22178,377,122.63186173427282,LightGBM
2011-12-06,22178,74,134.84284876741546,LightGBM
2011-12-07,22178,78,158.9437703892222,LightGBM
2011-12-08,22178,109,171.25222749003544,LightGBM
2011-12-09,22178,18,112.8353701935989,LightGBM
2011-11-10,22386,18,111.27767220443151,LightGBM
2011-11-11,22386,114,149.6775693489232,LightGBM
2011-11-12,22386,0,28.32582544295894,LightGBM
2011-11-13,22386,24,37.285288207820145,LightGBM
2011-11-14,22386,321,122.25703585948476,LightGBM
2011-11-15,22386,22,161.15151350237196,LightGBM
2011-11-16,22386,76,250.90107790251443,LightGBM
2011-11-17,22386,31,181.26357830886914,LightGBM
2011-11-18,22386,31,172.09210205597032,LightGBM
2011-11-19,22386,0,49.52724608665946,LightGBM
2011-11-20,22386,40,44.58526532897969,LightGBM
2011-11-21,22386,25,110.31506865124778,LightGBM
2011-11-22,22386,2,191.2732438563143,LightGBM
2011-11-23,22386,29,240.68491675736885,LightGBM
2011-11-24,22386,33,190.141854756771,LightGBM
2011-11-25,22386,142,94.63899856764708,LightGBM
2011-11-26,22386,0,61.56265971781245,LightGBM
2011-11-27,22386,22,71.50127952840101,LightGBM
2011-11-28,22386,11,124.55023898021129,LightGBM
2011-11-29,22386,33,184.13293581608488,LightGBM
2011-11-30,22386,35,137.414662074485,LightGBM
2011-12-01,22386,11,225.91406101205374,LightGBM
2011-12-02,22386,341,193.5535327054562,LightGBM
2011-12-03,22386,0,77.48324914156487,LightGBM
2011-12-04,22386,5,80.37652792254622,LightGBM
2011-12-05,22386,28,150.19679103188662,LightGBM
2011-12-06,22386,23,186.74853371276583,LightGBM
2011-12-07,22386,33,164.5046071587459,LightGBM
2011-12-08,22386,7,185.1146897532187,LightGBM
2011-12-09,22386,11,122.7098463481852,LightGBM
2011-11-10,22616,64,208.02353070684524,LightGBM
2011-11-11,22616,1,164.4441576908104,LightGBM
2011-11-12,22616,0,25.612403274822217,LightGBM
2011-11-13,22616,48,50.114927872131084,LightGBM
2011-11-14,22616,214,77.74705754276098,LightGBM
2011-11-15,22616,888,123.93496841930556,LightGBM
2011-11-16,22616,78,163.1641966275278,LightGBM
2011-11-17,22616,155,148.05160259873836,LightGBM
2011-11-18,22616,12,129.22873079655278,LightGBM
2011-11-19,22616,0,8.060652293605353,LightGBM
2011-11-20,22616,2,33.228103162338776,LightGBM
2011-11-21,22616,13,69.91868315933388,LightGBM
2011-11-22,22616,5,79.88675408453233,LightGBM
2011-11-23,22616,48,114.92573519290457,LightGBM
2011-11-24,22616,0,174.93923375982942,LightGBM
2011-11-25,22616,32,99.45303196384424,LightGBM
2011-11-26,22616,0,31.71973110013644,LightGBM
2011-11-27,22616,2,53.29906686128145,LightGBM
2011-11-28,22616,88,89.55747350220105,LightGBM
2011-11-29,22616,439,171.47573238648155,LightGBM
2011-11-30,22616,51,156.25630951088615,LightGBM
2011-12-01,22616,22,339.77869273881487,LightGBM
2011-12-02,22616,36,126.06581256370731,LightGBM
2011-12-03,22616,0,0.0,LightGBM
2011-12-04,22616,0,117.53289484500019,LightGBM
2011-12-05,22616,507,95.31514390335576,LightGBM
2011-12-06,22616,3,179.3013179852144,LightGBM
2011-12-07,22616,51,183.08741047148675,LightGBM
2011-12-08,22616,3,241.1241750297686,LightGBM
2011-12-09,22616,1,96.4755222496623,LightGBM
2011-11-10,21232,57,32.29451014429287,LightGBM
2011-11-11,21232,19,40.81989862031455,LightGBM
2011-11-12,21232,0,6.23424675079336,LightGBM
2011-11-13,21232,30,24.13020009060332,LightGBM
2011-11-14,21232,84,35.97498008804183,LightGBM
2011-11-15,21232,577,36.06262418446771,LightGBM
2011-11-16,21232,14,29.220431549756707,LightGBM
2011-11-17,21232,66,53.584161840021366,LightGBM
2011-11-18,21232,2,35.21400452748792,LightGBM
2011-11-19,21232,0,13.529741904488144,LightGBM
2011-11-20,21232,25,32.9198057823469,LightGBM
2011-11-21,21232,75,47.985455017811,LightGBM
2011-11-22,21232,7,83.01755248071301,LightGBM
2011-11-23,21232,94,60.15379922849374,LightGBM
2011-11-24,21232,2,60.35594826778516,LightGBM
2011-11-25,21232,46,45.597990772306446,LightGBM
2011-11-26,21232,0,35.077850276927784,LightGBM
2011-11-27,21232,1,36.046536000631704,LightGBM
2011-11-28,21232,37,48.34572725632744,LightGBM
2011-11-29,21232,64,74.80378756260798,LightGBM
2011-11-30,21232,56,118.1160683191828,LightGBM
2011-12-01,21232,251,94.43966400391595,LightGBM
2011-12-02,21232,31,55.48057727759551,LightGBM
2011-12-03,21232,0,21.50837649140842,LightGBM
2011-12-04,21232,24,26.779130290451366,LightGBM
2011-12-05,21232,75,58.99172865556352,LightGBM
2011-12-06,21232,3,88.97025762619165,LightGBM
2011-12-07,21232,142,90.53476748480645,LightGBM
2011-12-08,21232,30,88.94824726581723,LightGBM
2011-12-09,21232,14,57.98666015422801,LightGBM
2011-11-10,84568,0,31.496492937681133,LightGBM
2011-11-11,84568,30,34.873417635501085,LightGBM
2011-11-12,84568,0,130.1643772725926,LightGBM
2011-11-13,84568,0,170.50866504605267,LightGBM
2011-11-14,84568,4,175.49785550178933,LightGBM
2011-11-15,84568,4,176.35513295526198,LightGBM
2011-11-16,84568,6,117.51454734689578,LightGBM
2011-11-17,84568,17,288.62046824643846,LightGBM
2011-11-18,84568,0,38.033346812277614,LightGBM
2011-11-19,84568,0,3.980573743200531,LightGBM
2011-11-20,84568,288,19.911120180837017,LightGBM
2011-11-21,84568,15,20.5735940150924,LightGBM
2011-11-22,84568,22,9.276732587770093,LightGBM
2011-11-23,84568,0,10.503494500686687,LightGBM
2011-11-24,84568,317,149.50819824998783,LightGBM
2011-11-25,84568,8,40.1552749497647,LightGBM
2011-11-26,84568,0,0.0,LightGBM
2011-11-27,84568,0,18.683060321418235,LightGBM
2011-11-28,84568,1,206.8481211826444,LightGBM
2011-11-29,84568,44,226.92116163092336,LightGBM
2011-11-30,84568,288,327.9850278710191,LightGBM
2011-12-01,84568,10,220.45156379802916,LightGBM
2011-12-02,84568,11,100.9563350843492,LightGBM
2011-12-03,84568,0,68.70106968560583,LightGBM
2011-12-04,84568,0,78.13718065239846,LightGBM
2011-12-05,84568,38,42.59688873050464,LightGBM
2011-12-06,84568,0,43.34362345194514,LightGBM
2011-12-07,84568,0,113.44516586335844,LightGBM
2011-12-08,84568,56,94.89006072626896,LightGBM
2011-12-09,84568,31,93.3364512322989,LightGBM
2011-11-10,85099F,3,71.1754924292064,LightGBM
2011-11-11,85099F,12,108.25086436283561,LightGBM
2011-11-12,85099F,0,5.535982308904782,LightGBM
2011-11-13,85099F,2,25.96182439226876,LightGBM
2011-11-14,85099F,100,120.7138548090439,LightGBM
2011-11-15,85099F,1,190.46127785714557,LightGBM
2011-11-16,85099F,39,73.49577228345119,LightGBM
2011-11-17,85099F,32,99.43872350210299,LightGBM
2011-11-18,85099F,22,44.922220571413575,LightGBM
2011-11-19,85099F,0,31.87402575794002,LightGBM
2011-11-20,85099F,2,99.22772699786488,LightGBM
2011-11-21,85099F,3,106.7471045511596,LightGBM
2011-11-22,85099F,11,77.3394010371411,LightGBM
2011-11-23,85099F,2,126.48329626633452,LightGBM
2011-11-24,85099F,12,105.63507513799057,LightGBM
2011-11-25,85099F,10,132.18661708674423,LightGBM
2011-11-26,85099F,0,53.44484506399501,LightGBM
2011-11-27,85099F,4,110.68334421891241,LightGBM
2011-11-28,85099F,12,139.96970301875672,LightGBM
2011-11-29,85099F,34,120.99988613745998,LightGBM
2011-11-30,85099F,125,117.37523124347938,LightGBM
2011-12-01,85099F,42,108.91717439234733,LightGBM
2011-12-02,85099F,221,201.01655759594234,LightGBM
2011-12-03,85099F,0,112.40933922429092,LightGBM
2011-12-04,85099F,2,129.10140871199704,LightGBM
2011-12-05,85099F,1,228.54525537516167,LightGBM
2011-12-06,85099F,6,179.66509280991173,LightGBM
2011-12-07,85099F,20,203.54749102431555,LightGBM
2011-12-08,85099F,12,153.67371401750867,LightGBM
2011-12-09,85099F,0,191.0165164544763,LightGBM
2011-11-10,84946,125,170.15150443700614,LightGBM
2011-11-11,84946,167,133.2110212489458,LightGBM
2011-11-12,84946,0,6.865172110798042,LightGBM
2011-11-13,84946,211,83.3901145008995,LightGBM
2011-11-14,84946,314,213.62520360108934,LightGBM
2011-11-15,84946,47,186.1198673068741,LightGBM
2011-11-16,84946,178,164.66840081688204,LightGBM
2011-11-17,84946,37,155.95300737903267,LightGBM
2011-11-18,84946,137,111.54734882613924,LightGBM
2011-11-19,84946,0,6.865172110798042,LightGBM
2011-11-20,84946,96,95.22546426838088,LightGBM
2011-11-21,84946,170,191.63713936535947,LightGBM
2011-11-22,84946,53,141.64281698747538,LightGBM
2011-11-23,84946,149,198.9281427915011,LightGBM
2011-11-24,84946,161,168.4473661291706,LightGBM
2011-11-25,84946,20,136.1358952929459,LightGBM
2011-11-26,84946,0,38.97125638636783,LightGBM
2011-11-27,84946,24,88.7019743326118,LightGBM
2011-11-28,84946,88,201.19066632827304,LightGBM
2011-11-29,84946,85,150.7753358738187,LightGBM
2011-11-30,84946,94,170.97975812943957,LightGBM
2011-12-01,84946,77,144.60730708448395,LightGBM
2011-12-02,84946,105,97.48628155402697,LightGBM
2011-12-03,84946,0,41.92356008760896,LightGBM
2011-12-04,84946,40,86.67117510961096,LightGBM
2011-12-05,84946,165,211.68819143666585,LightGBM
2011-12-06,84946,171,158.95716890022797,LightGBM
2011-12-07,84946,42,155.16891473971305,LightGBM
2011-12-08,84946,50,160.42160289212032,LightGBM
2011-12-09,84946,42,123.59445736747472,LightGBM
2011-11-10,21915,8,112.05867789592908,LightGBM
2011-11-11,21915,6,225.48332670649955,LightGBM
2011-11-12,21915,0,123.7789018756183,LightGBM
2011-11-13,21915,0,215.2458665329932,LightGBM
2011-11-14,21915,285,294.22006381724714,LightGBM
2011-11-15,21915,36,173.13844845448685,LightGBM
2011-11-16,21915,22,192.88646097604493,LightGBM
2011-11-17,21915,5,195.91258843714178,LightGBM
2011-11-18,21915,3,199.57000966626663,LightGBM
2011-11-19,21915,0,135.0671174670477,LightGBM
2011-11-20,21915,0,188.7517561606998,LightGBM
2011-11-21,21915,3,265.21576962428617,LightGBM
2011-11-22,21915,1,279.5017672239044,LightGBM
2011-11-23,21915,18,182.28541818284992,LightGBM
2011-11-24,21915,0,183.40169235353898,LightGBM
2011-11-25,21915,0,170.7633339065879,LightGBM
2011-11-26,21915,0,132.77754679816894,LightGBM
2011-11-27,21915,0,185.16886401824286,LightGBM
2011-11-28,21915,0,290.12820948239323,LightGBM
2011-11-29,21915,0,143.36495084783868,LightGBM
2011-11-30,21915,0,177.0378089879959,LightGBM
2011-12-01,21915,0,775.0612283669324,LightGBM
2011-12-02,21915,1120,631.3243112742649,LightGBM
2011-12-03,21915,0,307.91548107977496,LightGBM
2011-12-04,21915,0,358.64208124745164,LightGBM
2011-12-05,21915,0,209.93526760266047,LightGBM
2011-12-06,21915,0,273.49205229885104,LightGBM
2011-12-07,21915,2,202.8028132978613,LightGBM
2011-12-08,21915,0,215.45374092120733,LightGBM
2011-12-09,21915,0,222.16845210195856,LightGBM
2011-11-10,22086,138,246.83248412768447,LightGBM
2011-11-11,22086,201,186.97311516138012,LightGBM
2011-11-12,22086,0,28.918041502063474,LightGBM
2011-11-13,22086,153,110.97429780808658,LightGBM
2011-11-14,22086,914,447.93569503850716,LightGBM
2011-11-15,22086,172,139.54701654630523,LightGBM
2011-11-16,22086,255,287.0470755002065,LightGBM
2011-11-17,22086,280,105.30027970320562,LightGBM
2011-11-18,22086,279,244.45700826179072,LightGBM
2011-11-19,22086,0,11.295464549626441,LightGBM
2011-11-20,22086,253,85.03446360294969,LightGBM
2011-11-21,22086,271,327.39000402489796,LightGBM
2011-11-22,22086,456,120.18282920782359,LightGBM
2011-11-23,22086,454,260.0903253883913,LightGBM
2011-11-24,22086,114,171.21802654393315,LightGBM
2011-11-25,22086,296,120.79320720102179,LightGBM
2011-11-26,22086,0,27.277644650994677,LightGBM
2011-11-27,22086,100,107.02939436792848,LightGBM
2011-11-28,22086,328,282.0063192890656,LightGBM
2011-11-29,22086,355,125.25850495392822,LightGBM
2011-11-30,22086,283,254.44884120046387,LightGBM
2011-12-01,22086,304,222.14381822867404,LightGBM
2011-12-02,22086,240,327.8761446220592,LightGBM
2011-12-03,22086,0,215.53849556332585,LightGBM
2011-12-04,22086,52,242.61226646525222,LightGBM
2011-12-05,22086,493,212.44371873761077,LightGBM
2011-12-06,22086,198,174.00753390880618,LightGBM
2011-12-07,22086,306,165.71616039281471,LightGBM
2011-12-08,22086,381,122.55522603861678,LightGBM
2011-12-09,22086,114,193.71315291712145,LightGBM
2011-11-10,84992,30,24.79167986310682,LightGBM
2011-11-11,84992,10,31.076143277927766,LightGBM
2011-11-12,84992,0,31.944284615380663,LightGBM
2011-11-13,84992,37,43.09576508711158,LightGBM
2011-11-14,84992,57,119.38928712262627,LightGBM
2011-11-15,84992,148,54.16812483085185,LightGBM
2011-11-16,84992,249,153.2179835665425,LightGBM
2011-11-17,84992,5,142.9482462319586,LightGBM
2011-11-18,84992,4,350.2972517500481,LightGBM
2011-11-19,84992,0,58.55529566919503,LightGBM
2011-11-20,84992,9,110.07308401902314,LightGBM
2011-11-21,84992,3,186.0900737984708,LightGBM
2011-11-22,84992,34,107.57073237942495,LightGBM
2011-11-23,84992,32,113.3292183023069,LightGBM
2011-11-24,84992,27,98.72089500242777,LightGBM
2011-11-25,84992,0,124.37974215305408,LightGBM
2011-11-26,84992,0,4.214205601748196,LightGBM
2011-11-27,84992,8,77.97298183053533,LightGBM
2011-11-28,84992,27,141.78649460122867,LightGBM
2011-11-29,84992,27,116.57663083466431,LightGBM
2011-11-30,84992,121,138.87797556720113,LightGBM
2011-12-01,84992,1,30.56378418683955,LightGBM
2011-12-02,84992,29,29.945042903789137,LightGBM
2011-12-03,84992,0,15.252361288825584,LightGBM
2011-12-04,84992,4,19.827385577317116,LightGBM
2011-12-05,84992,57,32.923174096695895,LightGBM
2011-12-06,84992,4,35.15299144984131,LightGBM
2011-12-07,84992,78,41.69958741580655,LightGBM
2011-12-08,84992,35,78.69784611370511,LightGBM
2011-12-09,84992,0,43.43197793026968,LightGBM
2011-11-10,71459,60,25.194475073232553,LightGBM
2011-11-11,71459,28,13.780239516388681,LightGBM
2011-11-12,71459,0,6.612148685857937,LightGBM
2011-11-13,71459,0,15.117951006204219,LightGBM
2011-11-14,71459,8,32.32512426755244,LightGBM
2011-11-15,71459,12,31.71840802896225,LightGBM
2011-11-16,71459,24,35.01408474966532,LightGBM
2011-11-17,71459,12,23.458108436867665,LightGBM
2011-11-18,71459,28,13.021091966039428,LightGBM
2011-11-19,71459,0,6.26229778183612,LightGBM
2011-11-20,71459,300,11.146365796567924,LightGBM
2011-11-21,71459,12,34.12281884971355,LightGBM
2011-11-22,71459,4,40.051836518127686,LightGBM
2011-11-23,71459,8,23.04881179054023,LightGBM
2011-11-24,71459,36,36.51370881877665,LightGBM
2011-11-25,71459,0,20.6716615627543,LightGBM
2011-11-26,71459,0,14.417803878531299,LightGBM
2011-11-27,71459,0,26.547340935953464,LightGBM
2011-11-28,71459,12,37.13012654568735,LightGBM
2011-11-29,71459,108,37.133430939141135,LightGBM
2011-11-30,71459,0,37.89084925921525,LightGBM
2011-12-01,71459,4,42.36107116746674,LightGBM
2011-12-02,71459,0,38.986557130287004,LightGBM
2011-12-03,71459,0,21.875889933284853,LightGBM
2011-12-04,71459,0,32.00997105972913,LightGBM
2011-12-05,71459,12,44.755764176583575,LightGBM
2011-12-06,71459,56,52.90495693469577,LightGBM
2011-12-07,71459,12,44.83060750010943,LightGBM
2011-12-08,71459,8,47.41654230678559,LightGBM
2011-12-09,71459,12,46.96823544777172,LightGBM
2011-11-10,22952,249,165.5747959349452,LightGBM
2011-11-11,22952,87,183.90188701487995,LightGBM
2011-11-12,22952,0,31.51141914585645,LightGBM
2011-11-13,22952,339,182.37222544850698,LightGBM
2011-11-14,22952,438,190.28679819089703,LightGBM
2011-11-15,22952,62,199.532050462524,LightGBM
2011-11-16,22952,202,224.58941620828807,LightGBM
2011-11-17,22952,195,302.33302523769567,LightGBM
2011-11-18,22952,143,277.0782555672863,LightGBM
2011-11-19,22952,0,75.00461718645373,LightGBM
2011-11-20,22952,48,139.0121237173323,LightGBM
2011-11-21,22952,78,181.96463080811654,LightGBM
2011-11-22,22952,276,155.71676658774112,LightGBM
2011-11-23,22952,89,163.95300332375822,LightGBM
2011-11-24,22952,40,160.1790913377798,LightGBM
2011-11-25,22952,95,174.55266304470618,LightGBM
2011-11-26,22952,0,128.25540356671746,LightGBM
2011-11-27,22952,34,160.5199659861596,LightGBM
2011-11-28,22952,200,155.720279414365,LightGBM
2011-11-29,22952,241,132.95741018244001,LightGBM
2011-11-30,22952,393,140.26396781042425,LightGBM
2011-12-01,22952,86,166.19824381335485,LightGBM
2011-12-02,22952,68,166.19824381335485,LightGBM
2011-12-03,22952,0,130.802755574639,LightGBM
2011-12-04,22952,43,148.0199976970468,LightGBM
2011-12-05,22952,153,189.3578666427391,LightGBM
2011-12-06,22952,149,171.74793484044005,LightGBM
2011-12-07,22952,73,160.14797038860377,LightGBM
2011-12-08,22952,135,159.41585385503345,LightGBM
2011-12-09,22952,43,153.98127480387856,LightGBM
2011-11-10,20724,31,59.154960784689145,LightGBM
2011-11-11,20724,111,57.496211017672486,LightGBM
2011-11-12,20724,0,4.061516810314143,LightGBM
2011-11-13,20724,65,26.857638658324667,LightGBM
2011-11-14,20724,42,46.86943894980518,LightGBM
2011-11-15,20724,108,61.255713694041596,LightGBM
2011-11-16,20724,52,64.91337046866973,LightGBM
2011-11-17,20724,62,78.00247502750781,LightGBM
2011-11-18,20724,161,79.33273496953592,LightGBM
2011-11-19,20724,0,7.854280024548266,LightGBM
2011-11-20,20724,30,28.8679551585503,LightGBM
2011-11-21,20724,12,87.43599292561879,LightGBM
2011-11-22,20724,228,81.23801542173923,LightGBM
2011-11-23,20724,213,84.17148446825195,LightGBM
2011-11-24,20724,63,82.1283223197966,LightGBM
2011-11-25,20724,149,89.87174586906336,LightGBM
2011-11-26,20724,0,7.854280024548266,LightGBM
2011-11-27,20724,70,30.50813811556064,LightGBM
2011-11-28,20724,64,59.50306804545467,LightGBM
2011-11-29,20724,124,72.93989733057887,LightGBM
2011-11-30,20724,101,72.31325243222328,LightGBM
2011-12-01,20724,29,54.7984721120535,LightGBM
2011-12-02,20724,109,51.91513049265199,LightGBM
2011-12-03,20724,0,5.966273933112512,LightGBM
2011-12-04,20724,123,30.75647302675757,LightGBM
2011-12-05,20724,37,66.54179556148107,LightGBM
2011-12-06,20724,117,87.35058053365097,LightGBM
2011-12-07,20724,230,95.08570974228182,LightGBM
2011-12-08,20724,133,111.55082428708387,LightGBM
2011-12-09,20724,69,124.87143158878695,LightGBM
2011-11-10,21982,28,22.95600699892789,LightGBM
2011-11-11,21982,20,28.165102158582616,LightGBM
2011-11-12,21982,0,17.983510455655566,LightGBM
2011-11-13,21982,13,23.329970184106852,LightGBM
2011-11-14,21982,8,106.47961258189108,LightGBM
2011-11-15,21982,17,53.859958955696854,LightGBM
2011-11-16,21982,15,52.35067321655629,LightGBM
2011-11-17,21982,42,4.266169004181895,LightGBM
2011-11-18,21982,70,60.019873207996895,LightGBM
2011-11-19,21982,0,77.66001331605786,LightGBM
2011-11-20,21982,14,0.0,LightGBM
2011-11-21,21982,3,120.17898215626845,LightGBM
2011-11-22,21982,3,13.78718025418316,LightGBM
2011-11-23,21982,32,43.02940860035157,LightGBM
2011-11-24,21982,16,139.39949289310695,LightGBM
2011-11-25,21982,41,15.83124500860497,LightGBM
2011-11-26,21982,0,13.051145567039406,LightGBM
2011-11-27,21982,1,14.293335227491099,LightGBM
2011-11-28,21982,9,14.164028314640708,LightGBM
2011-11-29,21982,6,23.116567364019094,LightGBM
2011-11-30,21982,1,17.22886840269379,LightGBM
2011-12-01,21982,6,36.82975119132501,LightGBM
2011-12-02,21982,5,54.977776217298675,LightGBM
2011-12-03,21982,0,375.4734637200666,LightGBM
2011-12-04,21982,0,11.485284397251656,LightGBM
2011-12-05,21982,33,20.490908500285755,LightGBM
2011-12-06,21982,30,29.1837192289157,LightGBM
2011-12-07,21982,0,27.62604172268965,LightGBM
2011-12-08,21982,42,35.46092424577118,LightGBM
2011-12-09,21982,2,29.43517294712509,LightGBM
2011-11-10,22355,122,62.540109043586135,LightGBM
2011-11-11,22355,172,95.14154077868349,LightGBM
2011-11-12,22355,0,5.513380385163849,LightGBM
2011-11-13,22355,29,41.91646642904505,LightGBM
2011-11-14,22355,27,99.27675635465144,LightGBM
2011-11-15,22355,120,131.67282091083226,LightGBM
2011-11-16,22355,11,71.11091236098765,LightGBM
2011-11-17,22355,2,63.95006397106016,LightGBM
2011-11-18,22355,259,94.97036471775898,LightGBM
2011-11-19,22355,0,5.860924452527286,LightGBM
2011-11-20,22355,21,39.46358467698023,LightGBM
2011-11-21,22355,13,68.15526390332788,LightGBM
2011-11-22,22355,305,156.18233081845955,LightGBM
2011-11-23,22355,2,60.58561451584562,LightGBM
2011-11-24,22355,16,121.9909396536417,LightGBM
2011-11-25,22355,261,150.92168900035105,LightGBM
2011-11-26,22355,0,4.422734874317695,LightGBM
2011-11-27,22355,74,52.426901331336296,LightGBM
2011-11-28,22355,45,109.03468340176863,LightGBM
2011-11-29,22355,146,206.75420221226412,LightGBM
2011-11-30,22355,117,118.78333215236405,LightGBM
2011-12-01,22355,34,44.70361717104708,LightGBM
2011-12-02,22355,193,46.87026148293836,LightGBM
2011-12-03,22355,0,6.951074943355154,LightGBM
2011-12-04,22355,177,35.91214551383544,LightGBM
2011-12-05,22355,22,78.25564244491026,LightGBM
2011-12-06,22355,239,172.32176147612105,LightGBM
2011-12-07,22355,130,96.92632079528812,LightGBM
2011-12-08,22355,223,50.54790468047606,LightGBM
2011-12-09,22355,113,118.21625838811991,LightGBM
2011-11-10,84347,122,322.4061834275869,LightGBM
2011-11-11,84347,35,0.0,LightGBM
2011-11-12,84347,0,15.919112540464218,LightGBM
2011-11-13,84347,12,161.44157812939352,LightGBM
2011-11-14,84347,193,186.0418628260222,LightGBM
2011-11-15,84347,77,129.95441456307273,LightGBM
2011-11-16,84347,253,29.13649193740536,LightGBM
2011-11-17,84347,88,237.14496886708537,LightGBM
2011-11-18,84347,72,82.40066057224819,LightGBM
2011-11-19,84347,0,2.1099076114127286,LightGBM
2011-11-20,84347,52,43.83296074860057,LightGBM
2011-11-21,84347,43,158.82096061364908,LightGBM
2011-11-22,84347,693,347.220639896098,LightGBM
2011-11-23,84347,224,257.4594589581663,LightGBM
2011-11-24,84347,96,306.0551975105194,LightGBM
2011-11-25,84347,83,176.97829575260286,LightGBM
2011-11-26,84347,0,48.21206634089675,LightGBM
2011-11-27,84347,31,118.02840082351173,LightGBM
2011-11-28,84347,17,0.0,LightGBM
2011-11-29,84347,199,86.54894853899535,LightGBM
2011-11-30,84347,131,74.17908624860391,LightGBM
2011-12-01,84347,103,137.87699547071398,LightGBM
2011-12-02,84347,100,534.1469277731674,LightGBM
2011-12-03,84347,0,2.9533957304512644,LightGBM
2011-12-04,84347,178,106.41348136596953,LightGBM
2011-12-05,84347,70,458.32297340232765,LightGBM
2011-12-06,84347,202,132.4401218868292,LightGBM
2011-12-07,84347,63,212.80421361578635,LightGBM
2011-12-08,84347,107,59.996109740160755,LightGBM
2011-12-09,84347,68,100.87047538869905,LightGBM
2011-11-10,21980,0,20.403027801988316,LightGBM
2011-11-11,21980,55,17.044690904666684,LightGBM
2011-11-12,21980,0,10.148818691788524,LightGBM
2011-11-13,21980,12,17.447131658462578,LightGBM
2011-11-14,21980,12,38.91623851274369,LightGBM
2011-11-15,21980,0,26.081004684058893,LightGBM
2011-11-16,21980,43,20.96605789954517,LightGBM
2011-11-17,21980,5,19.50862402250865,LightGBM
2011-11-18,21980,2,17.044690904666684,LightGBM
2011-11-19,21980,0,9.968899518275332,LightGBM
2011-11-20,21980,12,19.811403089975386,LightGBM
2011-11-21,21980,24,19.813346962835503,LightGBM
2011-11-22,21980,24,23.761392579076315,LightGBM
2011-11-23,21980,5,23.403324838035687,LightGBM
2011-11-24,21980,26,26.211242461760833,LightGBM
2011-11-25,21980,0,23.747309343918864,LightGBM
2011-11-26,21980,0,16.313450216486892,LightGBM
2011-11-27,21980,12,32.37499004260469,LightGBM
2011-11-28,21980,1,25.82885398278382,LightGBM
2011-11-29,21980,2,29.93627988780724,LightGBM
2011-11-30,21980,3,28.491652879393214,LightGBM
2011-12-01,21980,24,26.96122349537898,LightGBM
2011-12-02,21980,0,25.403050878584544,LightGBM
2011-12-03,21980,0,16.313450216486892,LightGBM
2011-12-04,21980,0,25.447423891339817,LightGBM
2011-12-05,21980,1,27.970732978123458,LightGBM
2011-12-06,21980,26,29.71276841468648,LightGBM
2011-12-07,21980,12,29.35470067364585,LightGBM
2011-12-08,21980,25,28.405850503793005,LightGBM
2011-12-09,21980,2,26.26609867283718,LightGBM
2011-11-10,21975,2,15.86502736809787,LightGBM
2011-11-11,21975,41,32.41523145565696,LightGBM
2011-11-12,21975,0,2.9939797906825376,LightGBM
2011-11-13,21975,17,72.18405338678485,LightGBM
2011-11-14,21975,6,31.507513029635277,LightGBM
2011-11-15,21975,27,29.269790556759602,LightGBM
2011-11-16,21975,9,22.740477535349772,LightGBM
2011-11-17,21975,1,26.830841759688163,LightGBM
2011-11-18,21975,51,16.660693140779323,LightGBM
2011-11-19,21975,0,5.209928700141259,LightGBM
2011-11-20,21975,79,15.019323053099788,LightGBM
2011-11-21,21975,145,33.58152385454737,LightGBM
2011-11-22,21975,50,21.162472538859195,LightGBM
2011-11-23,21975,32,80.8074531625336,LightGBM
2011-11-24,21975,2,105.67629577964328,LightGBM
2011-11-25,21975,0,36.194448692271095,LightGBM
2011-11-26,21975,0,4.389422656116202,LightGBM
2011-11-27,21975,8,14.729709262908731,LightGBM
2011-11-28,21975,7,20.020655070544613,LightGBM
2011-11-29,21975,58,29.570710139923534,LightGBM
2011-11-30,21975,1,149.82839215549208,LightGBM
2011-12-01,21975,4,43.82042174594163,LightGBM
2011-12-02,21975,2,21.312067853832723,LightGBM
2011-12-03,21975,0,4.457843381409824,LightGBM
2011-12-04,21975,28,15.555014229012999,LightGBM
2011-12-05,21975,12,17.135159414073282,LightGBM
2011-12-06,21975,0,29.91684080048983,LightGBM
2011-12-07,21975,54,175.9217147552669,LightGBM
2011-12-08,21975,6,53.00707627315502,LightGBM
2011-12-09,21975,0,24.820056550738936,LightGBM
2011-11-10,21080,41,35.566815891903055,LightGBM
2011-11-11,21080,29,34.321316328542146,LightGBM
2011-11-12,21080,0,4.311544880702076,LightGBM
2011-11-13,21080,127,15.65423930258831,LightGBM
2011-11-14,21080,30,27.87057061613388,LightGBM
2011-11-15,21080,0,46.00901766306459,LightGBM
2011-11-16,21080,103,33.517145434586226,LightGBM
2011-11-17,21080,12,29.628161525118145,LightGBM
2011-11-18,21080,30,45.31837226855257,LightGBM
2011-11-19,21080,0,12.518152093880646,LightGBM
2011-11-20,21080,29,18.923738731968616,LightGBM
2011-11-21,21080,27,35.43286340117251,LightGBM
2011-11-22,21080,29,39.562175883501375,LightGBM
2011-11-23,21080,198,44.37553922998502,LightGBM
2011-11-24,21080,16,37.74457551584671,LightGBM
2011-11-25,21080,13,23.237182563076306,LightGBM
2011-11-26,21080,0,12.587210437173363,LightGBM
2011-11-27,21080,11,19.609599256534977,LightGBM
2011-11-28,21080,17,37.342252530642085,LightGBM
2011-11-29,21080,15,75.12550120408785,LightGBM
2011-11-30,21080,9,117.0332499842072,LightGBM
2011-12-01,21080,6,46.230932447817494,LightGBM
2011-12-02,21080,50,31.60438370584542,LightGBM
2011-12-03,21080,0,17.58241805358551,LightGBM
2011-12-04,21080,21,21.604738544271527,LightGBM
2011-12-05,21080,48,44.218633598892296,LightGBM
2011-12-06,21080,99,59.44307882222979,LightGBM
2011-12-07,21080,5,58.78899389968971,LightGBM
2011-12-08,21080,5,54.40674257929668,LightGBM
2011-12-09,21080,0,33.29873931937171,LightGBM
2011-11-10,85099C,2,67.40868412981104,LightGBM
2011-11-11,85099C,108,73.6065148726741,LightGBM
2011-11-12,85099C,0,4.49648428857708,LightGBM
2011-11-13,85099C,13,67.18679305401312,LightGBM
2011-11-14,85099C,201,144.86280817077267,LightGBM
2011-11-15,85099C,37,71.84457209788827,LightGBM
2011-11-16,85099C,223,121.04295851879469,LightGBM
2011-11-17,85099C,42,52.90313125530901,LightGBM
2011-11-18,85099C,11,31.417622998933926,LightGBM
2011-11-19,85099C,0,9.634696737164312,LightGBM
2011-11-20,85099C,106,28.94963399318695,LightGBM
2011-11-21,85099C,4,78.74601368397866,LightGBM
2011-11-22,85099C,14,126.13097984240335,LightGBM
2011-11-23,85099C,8,63.3147585950746,LightGBM
2011-11-24,85099C,54,59.50712834475496,LightGBM
2011-11-25,85099C,118,120.16063320859217,LightGBM
2011-11-26,85099C,0,14.786822128650634,LightGBM
2011-11-27,85099C,5,81.51962174621613,LightGBM
2011-11-28,85099C,5,112.7429301229764,LightGBM
2011-11-29,85099C,185,72.68027496613156,LightGBM
2011-11-30,85099C,128,69.53583390050208,LightGBM
2011-12-01,85099C,76,62.49404644247269,LightGBM
2011-12-02,85099C,10,56.068013166690704,LightGBM
2011-12-03,85099C,0,12.372271109947645,LightGBM
2011-12-04,85099C,10,82.00454695461073,LightGBM
2011-12-05,85099C,19,95.67879942945247,LightGBM
2011-12-06,85099C,44,136.35207355240382,LightGBM
2011-12-07,85099C,34,65.80734743571986,LightGBM
2011-12-08,85099C,51,151.8598525451711,LightGBM
2011-12-09,85099C,21,113.31058815964752,LightGBM
2011-11-10,21931,27,42.30700122876374,LightGBM
2011-11-11,21931,19,41.38396665801167,LightGBM
2011-11-12,21931,0,3.147675006929234,LightGBM
2011-11-13,21931,26,31.13904984157118,LightGBM
2011-11-14,21931,20,47.40613144461848,LightGBM
2011-11-15,21931,41,66.11828572363122,LightGBM
2011-11-16,21931,35,48.53444096021083,LightGBM
2011-11-17,21931,36,64.98038220767003,LightGBM
2011-11-18,21931,41,70.89656196803368,LightGBM
2011-11-19,21931,0,21.81564429275364,LightGBM
2011-11-20,21931,16,35.195298466501285,LightGBM
2011-11-21,21931,10,50.2043642185206,LightGBM
2011-11-22,21931,14,130.49373739829514,LightGBM
2011-11-23,21931,17,99.57767617429907,LightGBM
2011-11-24,21931,125,122.3732556149934,LightGBM
2011-11-25,21931,35,124.14814090001654,LightGBM
2011-11-26,21931,0,48.69117880624557,LightGBM
2011-11-27,21931,11,77.6931664143128,LightGBM
2011-11-28,21931,46,148.80924098996553,LightGBM
2011-11-29,21931,19,205.45318950653314,LightGBM
2011-11-30,21931,7,153.74404333741987,LightGBM
2011-12-01,21931,153,81.74141932080255,LightGBM
2011-12-02,21931,31,87.26252226228515,LightGBM
2011-12-03,21931,0,47.57332098745764,LightGBM
2011-12-04,21931,2,95.9891785050773,LightGBM
2011-12-05,21931,44,140.94390260894627,LightGBM
2011-12-06,21931,47,172.24753823755768,LightGBM
2011-12-07,21931,46,154.2951068126565,LightGBM
2011-12-08,21931,23,127.97188880859476,LightGBM
2011-12-09,21931,17,138.12337622541344,LightGBM
2011-11-10,21731,1,75.6151578598357,LightGBM
2011-11-11,21731,268,61.603748692658634,LightGBM
2011-11-12,21731,0,5.340013002294733,LightGBM
2011-11-13,21731,35,17.248918861687244,LightGBM
2011-11-14,21731,107,41.07774393274446,LightGBM
2011-11-15,21731,167,52.48834158017594,LightGBM
2011-11-16,21731,78,89.73713078121226,LightGBM
2011-11-17,21731,265,84.92213192581383,LightGBM
2011-11-18,21731,174,121.92310386410163,LightGBM
2011-11-19,21731,0,53.09232366627269,LightGBM
2011-11-20,21731,42,36.09025159420554,LightGBM
2011-11-21,21731,14,130.03984430768804,LightGBM
2011-11-22,21731,45,92.7066813975894,LightGBM
2011-11-23,21731,89,153.98052553487162,LightGBM
2011-11-24,21731,40,113.43073184346143,LightGBM
2011-11-25,21731,81,136.39409376298548,LightGBM
2011-11-26,21731,0,82.50328934302837,LightGBM
2011-11-27,21731,16,86.79246634662798,LightGBM
2011-11-28,21731,69,182.21267418873197,LightGBM
2011-11-29,21731,69,174.0337816908794,LightGBM
2011-11-30,21731,47,118.99043745191226,LightGBM
2011-12-01,21731,51,159.729905419315,LightGBM
2011-12-02,21731,105,168.0504782827088,LightGBM
2011-12-03,21731,0,62.532331194708064,LightGBM
2011-12-04,21731,18,100.66178544120176,LightGBM
2011-12-05,21731,40,142.387419093071,LightGBM
2011-12-06,21731,38,104.61655915426759,LightGBM
2011-12-07,21731,145,145.30057951958796,LightGBM
2011-12-08,21731,49,196.4841816933823,LightGBM
2011-12-09,21731,39,184.34625321000425,LightGBM
2011-11-10,47566,40,21.507228791163747,LightGBM
2011-11-11,47566,28,31.858242278539343,LightGBM
2011-11-12,47566,0,4.563858585094945,LightGBM
2011-11-13,47566,6,9.502706109366386,LightGBM
2011-11-14,47566,3,19.098887501479766,LightGBM
2011-11-15,47566,58,21.0606253577138,LightGBM
2011-11-16,47566,108,40.78196700331704,LightGBM
2011-11-17,47566,18,25.72733951373514,LightGBM
2011-11-18,47566,21,36.639020157619136,LightGBM
2011-11-19,47566,0,5.229247026346684,LightGBM
2011-11-20,47566,10,16.95510313015341,LightGBM
2011-11-21,47566,324,25.997197014608364,LightGBM
2011-11-22,47566,13,34.361266124404594,LightGBM
2011-11-23,47566,32,48.60473754520992,LightGBM
2011-11-24,47566,56,30.570124415770614,LightGBM
2011-11-25,47566,27,40.63182947562393,LightGBM
2011-11-26,47566,0,5.229247026346684,LightGBM
2011-11-27,47566,3,14.959563087102637,LightGBM
2011-11-28,47566,9,32.13550972409538,LightGBM
2011-11-29,47566,10,36.15780554826582,LightGBM
2011-11-30,47566,19,39.065088182035474,LightGBM
2011-12-01,47566,8,36.95687339629284,LightGBM
2011-12-02,47566,40,38.91248158584636,LightGBM
2011-12-03,47566,0,9.452951513586104,LightGBM
2011-12-04,47566,19,14.889844586749534,LightGBM
2011-12-05,47566,16,43.21489412230642,LightGBM
2011-12-06,47566,21,45.646642650501946,LightGBM
2011-12-07,47566,3,49.793000128877594,LightGBM
2011-12-08,47566,22,40.64477303412494,LightGBM
2011-12-09,47566,7,39.888568315175014,LightGBM
2011-11-10,22469,80,98.24715887582717,LightGBM
2011-11-11,22469,44,63.0017346095024,LightGBM
2011-11-12,22469,0,16.079428317050738,LightGBM
2011-11-13,22469,31,67.63835848091378,LightGBM
2011-11-14,22469,119,66.21277736446775,LightGBM
2011-11-15,22469,17,71.88973803441202,LightGBM
2011-11-16,22469,48,70.32021338919863,LightGBM
2011-11-17,22469,34,66.23731085484337,LightGBM
2011-11-18,22469,89,49.97309184581531,LightGBM
2011-11-19,22469,0,16.402153873794806,LightGBM
2011-11-20,22469,54,52.854880072441695,LightGBM
2011-11-21,22469,31,61.80997574555893,LightGBM
2011-11-22,22469,48,90.6863726587683,LightGBM
2011-11-23,22469,81,56.32074385286533,LightGBM
2011-11-24,22469,19,54.86888284579013,LightGBM
2011-11-25,22469,26,55.307379476744806,LightGBM
2011-11-26,22469,0,18.47106482949837,LightGBM
2011-11-27,22469,8,58.3219926381177,LightGBM
2011-11-28,22469,655,65.09075731870057,LightGBM
2011-11-29,22469,40,79.5839031010289,LightGBM
2011-11-30,22469,45,145.08586157893646,LightGBM
2011-12-01,22469,34,61.51015388502978,LightGBM
2011-12-02,22469,26,79.67109506192023,LightGBM
2011-12-03,22469,0,12.116552583617253,LightGBM
2011-12-04,22469,9,110.06433292710221,LightGBM
2011-12-05,22469,52,77.08029666187755,LightGBM
2011-12-06,22469,16,72.95982842201983,LightGBM
2011-12-07,22469,4,85.49871319488796,LightGBM
2011-12-08,22469,12,95.34583893312026,LightGBM
2011-12-09,22469,13,68.85572237095275,LightGBM
2011-11-10,22151,6,24.035027127542236,LightGBM
2011-11-11,22151,0,50.393264563886746,LightGBM
2011-11-12,22151,0,5.763829889088155,LightGBM
2011-11-13,22151,20,29.031686571201288,LightGBM
2011-11-14,22151,36,18.8609142872591,LightGBM
2011-11-15,22151,0,27.480476136027473,LightGBM
2011-11-16,22151,24,24.884371470036832,LightGBM
2011-11-17,22151,11,16.991964770810142,LightGBM
2011-11-18,22151,48,49.78375940600662,LightGBM
2011-11-19,22151,0,5.763829889088155,LightGBM
2011-11-20,22151,5,33.71692652983655,LightGBM
2011-11-21,22151,5,28.08102740135013,LightGBM
2011-11-22,22151,55,34.02882525504242,LightGBM
2011-11-23,22151,48,19.711642404733553,LightGBM
2011-11-24,22151,34,17.256813984446346,LightGBM
2011-11-25,22151,120,60.501816760237716,LightGBM
2011-11-26,22151,0,6.1774875232966995,LightGBM
2011-11-27,22151,0,31.076702134165863,LightGBM
2011-11-28,22151,66,17.86415861816303,LightGBM
2011-11-29,22151,26,26.022410496989465,LightGBM
2011-11-30,22151,24,25.413555489509637,LightGBM
2011-12-01,22151,0,31.15649982987361,LightGBM
2011-12-02,22151,96,42.51749441014502,LightGBM
2011-12-03,22151,0,4.16310714675612,LightGBM
2011-12-04,22151,27,31.895904641399422,LightGBM
2011-12-05,22151,38,32.04117932785717,LightGBM
2011-12-06,22151,0,41.25800368459529,LightGBM
2011-12-07,22151,6,22.353987212880327,LightGBM
2011-12-08,22151,120,19.879413212355665,LightGBM
2011-12-09,22151,24,32.430678648551506,LightGBM
2011-11-10,22411,25,65.94751560751438,LightGBM
2011-11-11,22411,114,54.012829638518916,LightGBM
2011-11-12,22411,0,3.84691624767519,LightGBM
2011-11-13,22411,27,45.51452177039952,LightGBM
2011-11-14,22411,21,92.1094125343252,LightGBM
2011-11-15,22411,42,72.4733837912693,LightGBM
2011-11-16,22411,156,82.33003781286776,LightGBM
2011-11-17,22411,3,60.71451955803534,LightGBM
2011-11-18,22411,22,50.09609382048256,LightGBM
2011-11-19,22411,0,18.740348331654737,LightGBM
2011-11-20,22411,36,46.88064584042708,LightGBM
2011-11-21,22411,21,52.231411376638135,LightGBM
2011-11-22,22411,13,42.199952546377375,LightGBM
2011-11-23,22411,28,62.644979689699554,LightGBM
2011-11-24,22411,158,55.87385835630399,LightGBM
2011-11-25,22411,121,88.10174288843646,LightGBM
2011-11-26,22411,0,38.771351742830234,LightGBM
2011-11-27,22411,14,85.77718161019446,LightGBM
2011-11-28,22411,37,88.71948927558536,LightGBM
2011-11-29,22411,59,130.59454166855122,LightGBM
2011-11-30,22411,58,92.64781052444926,LightGBM
2011-12-01,22411,162,85.67890580871705,LightGBM
2011-12-02,22411,23,82.03099998457834,LightGBM
2011-12-03,22411,0,45.5215416058286,LightGBM
2011-12-04,22411,1,70.8039081411545,LightGBM
2011-12-05,22411,42,80.3346585100705,LightGBM
2011-12-06,22411,121,90.69099113313302,LightGBM
2011-12-07,22411,65,86.02660276115692,LightGBM
2011-12-08,22411,60,134.58504849899003,LightGBM
2011-12-09,22411,23,108.71982423427815,LightGBM
2011-11-10,21790,55,65.03008386113923,LightGBM
2011-11-11,21790,67,52.23591377137894,LightGBM
2011-11-12,21790,0,3.7783069879022224,LightGBM
2011-11-13,21790,190,61.04725009195214,LightGBM
2011-11-14,21790,385,71.76017278350658,LightGBM
2011-11-15,21790,52,64.86280896381972,LightGBM
2011-11-16,21790,112,104.76263028913806,LightGBM
2011-11-17,21790,13,114.58234101665309,LightGBM
2011-11-18,21790,19,75.34221626781253,LightGBM
2011-11-19,21790,0,16.163318670127907,LightGBM
2011-11-20,21790,177,142.085904090199,LightGBM
2011-11-21,21790,52,119.96374544028076,LightGBM
2011-11-22,21790,102,87.17359566595985,LightGBM
2011-11-23,21790,113,95.79931515091263,LightGBM
2011-11-24,21790,92,99.37372104069233,LightGBM
2011-11-25,21790,55,71.8427803993976,LightGBM
2011-11-26,21790,0,47.228001419359046,LightGBM
2011-11-27,21790,18,71.03948429780114,LightGBM
2011-11-28,21790,109,106.12107860328915,LightGBM
2011-11-29,21790,88,97.65356265427378,LightGBM
2011-11-30,21790,46,109.82092363843554,LightGBM
2011-12-01,21790,349,104.96063452964269,LightGBM
2011-12-02,21790,9,94.63411431797265,LightGBM
2011-12-03,21790,0,63.418116497143735,LightGBM
2011-12-04,21790,66,81.43682254369008,LightGBM
2011-12-05,21790,87,122.26527625414424,LightGBM
2011-12-06,21790,34,111.45717432868803,LightGBM
2011-12-07,21790,38,120.68501437830338,LightGBM
2011-12-08,21790,71,119.99796766618206,LightGBM
2011-12-09,21790,13,103.57935123582766,LightGBM
2011-11-10,84970S,2,23.634862260346715,LightGBM
2011-11-11,84970S,14,32.64451005946162,LightGBM
2011-11-12,84970S,0,16.997732096357403,LightGBM
2011-11-13,84970S,17,42.6937976689398,LightGBM
2011-11-14,84970S,27,21.81006715473375,LightGBM
2011-11-15,84970S,24,33.35366768296487,LightGBM
2011-11-16,84970S,0,25.252798142431388,LightGBM
2011-11-17,84970S,13,38.99837420050996,LightGBM
2011-11-18,84970S,12,29.06917643647707,LightGBM
2011-11-19,84970S,0,16.238217307647613,LightGBM
2011-11-20,84970S,8,27.80832229591331,LightGBM
2011-11-21,84970S,0,26.9789462816614,LightGBM
2011-11-22,84970S,0,51.321775802750686,LightGBM
2011-11-23,84970S,174,44.16506538467426,LightGBM
2011-11-24,84970S,16,41.67554353815346,LightGBM
2011-11-25,84970S,0,30.610193468950346,LightGBM
2011-11-26,84970S,0,21.13988017186068,LightGBM
2011-11-27,84970S,13,18.34689547511854,LightGBM
2011-11-28,84970S,10,44.09220265604191,LightGBM
2011-11-29,84970S,39,42.74275467650127,LightGBM
2011-11-30,84970S,14,32.8221735190787,LightGBM
2011-12-01,84970S,168,37.882354974662185,LightGBM
2011-12-02,84970S,20,30.670615029174396,LightGBM
2011-12-03,84970S,0,32.199810762770845,LightGBM
2011-12-04,84970S,14,42.71717265695061,LightGBM
2011-12-05,84970S,101,51.01582110331396,LightGBM
2011-12-06,84970S,36,48.2499938678098,LightGBM
2011-12-07,84970S,4,43.95766978751252,LightGBM
2011-12-08,84970S,4,44.75880628719294,LightGBM
2011-12-09,84970S,4,47.51445319383101,LightGBM
2011-11-10,21498,50,36.31139825133895,LightGBM
2011-11-11,21498,50,27.38702483096519,LightGBM
2011-11-12,21498,0,3.9644560368306596,LightGBM
2011-11-13,21498,75,21.15016083054929,LightGBM
2011-11-14,21498,0,47.522755723675616,LightGBM
2011-11-15,21498,25,47.781095642442125,LightGBM
2011-11-16,21498,100,52.807597679069815,LightGBM
2011-11-17,21498,75,55.41605012325004,LightGBM
2011-11-18,21498,50,38.9727935011807,LightGBM
2011-11-19,21498,0,1.5523539357638332,LightGBM
2011-11-20,21498,25,20.97427698921168,LightGBM
2011-11-21,21498,25,63.723336950015806,LightGBM
2011-11-22,21498,150,87.93586647233302,LightGBM
2011-11-23,21498,100,48.90090497459098,LightGBM
2011-11-24,21498,0,65.5688530668632,LightGBM
2011-11-25,21498,0,23.606924729308552,LightGBM
2011-11-26,21498,0,3.596316521542775,LightGBM
2011-11-27,21498,0,29.14986526777725,LightGBM
2011-11-28,21498,0,55.02398624126256,LightGBM
2011-11-29,21498,100,58.57539700479322,LightGBM
2011-11-30,21498,50,55.773718463091875,LightGBM
2011-12-01,21498,25,54.59553590842933,LightGBM
2011-12-02,21498,50,45.203899181815764,LightGBM
2011-12-03,21498,0,6.9701494261392005,LightGBM
2011-12-04,21498,50,18.84937446423747,LightGBM
2011-12-05,21498,100,63.57507228080391,LightGBM
2011-12-06,21498,0,64.30115634934265,LightGBM
2011-12-07,21498,25,74.63604588490765,LightGBM
2011-12-08,21498,125,55.108919395384376,LightGBM
2011-12-09,21498,0,59.93522216196264,LightGBM
2011-11-10,20727,36,51.75224342018769,LightGBM
2011-11-11,20727,46,51.64871525865782,LightGBM
2011-11-12,20727,0,1.911736934627001,LightGBM
2011-11-13,20727,40,26.74533718677673,LightGBM
2011-11-14,20727,41,27.599924378311123,LightGBM
2011-11-15,20727,151,48.62981012311038,LightGBM
2011-11-16,20727,35,47.43320206600175,LightGBM
2011-11-17,20727,47,75.27571573037231,LightGBM
2011-11-18,20727,75,47.432480798790515,LightGBM
2011-11-19,20727,0,17.765110127682384,LightGBM
2011-11-20,20727,35,28.029034506038514,LightGBM
2011-11-21,20727,38,35.649688218184046,LightGBM
2011-11-22,20727,41,41.59559252412694,LightGBM
2011-11-23,20727,135,32.38207858819048,LightGBM
2011-11-24,20727,69,39.02463517586478,LightGBM
2011-11-25,20727,44,41.784991288261814,LightGBM
2011-11-26,20727,0,0.0,LightGBM
2011-11-27,20727,21,18.53720850570839,LightGBM
2011-11-28,20727,43,78.02678932790026,LightGBM
2011-11-29,20727,30,66.95780361114853,LightGBM
2011-11-30,20727,66,56.73683989513193,LightGBM
2011-12-01,20727,80,72.92597002357525,LightGBM
2011-12-02,20727,41,41.19913968195837,LightGBM
2011-12-03,20727,0,3.31460758825725,LightGBM
2011-12-04,20727,21,25.84141176054146,LightGBM
2011-12-05,20727,23,48.47863878129008,LightGBM
2011-12-06,20727,63,86.33094434370055,LightGBM
2011-12-07,20727,40,76.05966315154923,LightGBM
2011-12-08,20727,34,42.081777942623006,LightGBM
2011-12-09,20727,11,49.84700228150614,LightGBM
2011-11-10,22423,46,83.00581000838986,LightGBM
2011-11-11,22423,32,110.31562417460697,LightGBM
2011-11-12,22423,0,3.450159295670814,LightGBM
2011-11-13,22423,29,27.054174660300028,LightGBM
2011-11-14,22423,7,114.30375706821192,LightGBM
2011-11-15,22423,45,72.91435157760067,LightGBM
2011-11-16,22423,15,73.2813139260149,LightGBM
2011-11-17,22423,49,110.22074512916167,LightGBM
2011-11-18,22423,110,189.19763299318052,LightGBM
2011-11-19,22423,0,3.450159295670814,LightGBM
2011-11-20,22423,8,30.90877442921239,LightGBM
2011-11-21,22423,50,112.08325751145398,LightGBM
2011-11-22,22423,29,109.68006386789004,LightGBM
2011-11-23,22423,47,121.41185061257923,LightGBM
2011-11-24,22423,82,115.1504409780746,LightGBM
2011-11-25,22423,23,201.88240313169584,LightGBM
2011-11-26,22423,0,3.450159295670814,LightGBM
2011-11-27,22423,29,57.12148085272568,LightGBM
2011-11-28,22423,34,135.60138649522202,LightGBM
2011-11-29,22423,93,103.14867920900917,LightGBM
2011-11-30,22423,35,111.34343859117139,LightGBM
2011-12-01,22423,34,133.27430303038935,LightGBM
2011-12-02,22423,20,205.17072670822557,LightGBM
2011-12-03,22423,0,27.390144062432764,LightGBM
2011-12-04,22423,20,129.4810135918486,LightGBM
2011-12-05,22423,36,160.60184773442333,LightGBM
2011-12-06,22423,160,97.32890588041167,LightGBM
2011-12-07,22423,130,112.33615608988154,LightGBM
2011-12-08,22423,31,130.86992552609266,LightGBM
2011-12-09,22423,18,213.93398885803578,LightGBM
2011-11-10,21981,24,17.939780600632833,LightGBM
2011-11-11,21981,3,15.296037688411232,LightGBM
2011-11-12,21981,0,7.191014107519248,LightGBM
2011-11-13,21981,12,15.90804171396915,LightGBM
2011-11-14,21981,18,22.217982943904364,LightGBM
2011-11-15,21981,4,15.915126767739924,LightGBM
2011-11-16,21981,54,20.18531482467262,LightGBM
2011-11-17,21981,4,28.159725270072308,LightGBM
2011-11-18,21981,2,23.37498353785237,LightGBM
2011-11-19,21981,0,10.35139899429804,LightGBM
2011-11-20,21981,0,19.068426600747934,LightGBM
2011-11-21,21981,0,16.626512396609524,LightGBM
2011-11-22,21981,4,18.341442617821897,LightGBM
2011-11-23,21981,3,16.033113776908657,LightGBM
2011-11-24,21981,31,62.578114714228455,LightGBM
2011-11-25,21981,14,14.566075955663598,LightGBM
2011-11-26,21981,0,10.317648738114057,LightGBM
2011-11-27,21981,1,17.217033638065548,LightGBM
2011-11-28,21981,1,17.406291486027598,LightGBM
2011-11-29,21981,6,23.860169254612025,LightGBM
2011-11-30,21981,2,20.098299973439673,LightGBM
2011-12-01,21981,2,32.98469831228319,LightGBM
2011-12-02,21981,2,21.696951152383452,LightGBM
2011-12-03,21981,0,12.679123041820079,LightGBM
2011-12-04,21981,0,21.074692109826557,LightGBM
2011-12-05,21981,11,26.85770822441286,LightGBM
2011-12-06,21981,34,19.611973280821438,LightGBM
2011-12-07,21981,12,30.294581547433236,LightGBM
2011-12-08,21981,3,30.90661291371919,LightGBM
2011-12-09,21981,4,33.594366803506844,LightGBM
2011-11-10,21929,1,69.09838606227751,LightGBM
2011-11-11,21929,100,70.83269424615257,LightGBM
2011-11-12,21929,0,2.433125803618332,LightGBM
2011-11-13,21929,24,21.404657416809364,LightGBM
2011-11-14,21929,3,76.7021330513947,LightGBM
2011-11-15,21929,2,59.42007748167376,LightGBM
2011-11-16,21929,33,93.7531743960025,LightGBM
2011-11-17,21929,24,106.30031384216115,LightGBM
2011-11-18,21929,22,94.49418975063121,LightGBM
2011-11-19,21929,0,2.433125803618332,LightGBM
2011-11-20,21929,17,27.85316883377869,LightGBM
2011-11-21,21929,0,93.52292322866093,LightGBM
2011-11-22,21929,22,117.22108321625197,LightGBM
2011-11-23,21929,6,99.34507053836163,LightGBM
2011-11-24,21929,11,120.09733563892908,LightGBM
2011-11-25,21929,4,113.20827430442168,LightGBM
2011-11-26,21929,0,1.8194310296086176,LightGBM
2011-11-27,21929,10,64.96883005105515,LightGBM
2011-11-28,21929,14,223.48540821204992,LightGBM
2011-11-29,21929,25,197.49987368490093,LightGBM
2011-11-30,21929,44,167.4434387245087,LightGBM
2011-12-01,21929,21,116.40301847560137,LightGBM
2011-12-02,21929,2,116.40301847560137,LightGBM
2011-12-03,21929,0,2.1845673332973354,LightGBM
2011-12-04,21929,2,45.85171080132676,LightGBM
2011-12-05,21929,115,154.91715789539413,LightGBM
2011-12-06,21929,14,146.136848795666,LightGBM
2011-12-07,21929,14,122.98904997088682,LightGBM
2011-12-08,21929,16,111.32741929519261,LightGBM
2011-12-09,21929,11,109.92098016845182,LightGBM
2011-11-10,21985,27,29.94774830551837,LightGBM
2011-11-11,21985,0,3.6520957767815556,LightGBM
2011-11-12,21985,0,11.0059829954091,LightGBM
2011-11-13,21985,1,16.91001774364254,LightGBM
2011-11-14,21985,21,20.301590732188437,LightGBM
2011-11-15,21985,26,37.78180517405679,LightGBM
2011-11-16,21985,18,27.883178203719915,LightGBM
2011-11-17,21985,59,41.995083261598005,LightGBM
2011-11-18,21985,27,16.74327272352806,LightGBM
2011-11-19,21985,0,10.29634663242082,LightGBM
2011-11-20,21985,1,20.350583794021748,LightGBM
2011-11-21,21985,60,30.309665297878166,LightGBM
2011-11-22,21985,7,45.2739452564989,LightGBM
2011-11-23,21985,8,38.25570793257809,LightGBM
2011-11-24,21985,24,207.5768945179159,LightGBM
2011-11-25,21985,13,27.129371091861156,LightGBM
2011-11-26,21985,0,8.365359907093403,LightGBM
2011-11-27,21985,0,13.451076733138533,LightGBM
2011-11-28,21985,12,16.84264972168443,LightGBM
2011-11-29,21985,44,6.947182137649852,LightGBM
2011-11-30,21985,24,19.5995732826394,LightGBM
2011-12-01,21985,25,19.48440041076944,LightGBM
2011-12-02,21985,0,23.406684552017424,LightGBM
2011-12-03,21985,0,11.8166255993523,LightGBM
2011-12-04,21985,0,13.809022756340207,LightGBM
2011-12-05,21985,3,17.20059574488611,LightGBM
2011-12-06,21985,23,57.7288158477246,LightGBM
2011-12-07,21985,12,34.188758492556666,LightGBM
2011-12-08,21985,30,24.53802918841874,LightGBM
2011-12-09,21985,0,39.70596526466106,LightGBM
2011-11-10,21984,2,111.55644772016461,LightGBM
2011-11-11,21984,9,11.747133137416165,LightGBM
2011-11-12,21984,0,4.48829922476431,LightGBM
2011-11-13,21984,0,10.081594423057163,LightGBM
2011-11-14,21984,1,12.889797237609267,LightGBM
2011-11-15,21984,6,13.00811209311277,LightGBM
2011-11-16,21984,3,12.643102111239378,LightGBM
2011-11-17,21984,1,4.806460883328444,LightGBM
2011-11-18,21984,1,9.991409148772986,LightGBM
2011-11-19,21984,0,6.517529730111054,LightGBM
2011-11-20,21984,0,10.731859728484418,LightGBM
2011-11-21,21984,24,10.242471799936505,LightGBM
2011-11-22,21984,1,10.683613883946522,LightGBM
2011-11-23,21984,2,11.913452392205867,LightGBM
2011-11-24,21984,26,11.913452392205867,LightGBM
2011-11-25,21984,1,12.21656692131913,LightGBM
2011-11-26,21984,0,6.392927688849258,LightGBM
2011-11-27,21984,1,12.21656692131913,LightGBM
2011-11-28,21984,3,11.525577527637813,LightGBM
2011-11-29,21984,0,12.707170191359259,LightGBM
2011-11-30,21984,1,12.45610754019574,LightGBM
2011-12-01,21984,7,19.47897944607181,LightGBM
2011-12-02,21984,3,18.007012454591386,LightGBM
2011-12-03,21984,0,7.13337826856069,LightGBM
2011-12-04,21984,0,11.886450065694445,LightGBM
2011-12-05,21984,0,11.397062137146532,LightGBM
2011-12-06,21984,0,12.578654800867975,LightGBM
2011-12-07,21984,0,13.068042729415888,LightGBM
2011-12-08,21984,30,16.954861190379354,LightGBM
2011-12-09,21984,1,11.886450065694445,LightGBM
2011-11-10,22383,50,23.164354152916843,LightGBM
2011-11-11,22383,30,34.64462354659108,LightGBM
2011-11-12,22383,0,3.502922905655435,LightGBM
2011-11-13,22383,18,45.094941885390114,LightGBM
2011-11-14,22383,37,47.59784204779045,LightGBM
2011-11-15,22383,9,52.00760033124238,LightGBM
2011-11-16,22383,35,57.87710068995561,LightGBM
2011-11-17,22383,25,56.99591176797694,LightGBM
2011-11-18,22383,40,71.0440913201168,LightGBM
2011-11-19,22383,0,23.024545390775614,LightGBM
2011-11-20,22383,10,35.47805216523547,LightGBM
2011-11-21,22383,14,57.175829246451315,LightGBM
2011-11-22,22383,29,79.87990998233111,LightGBM
2011-11-23,22383,152,65.15943091911467,LightGBM
2011-11-24,22383,23,74.93057713772608,LightGBM
2011-11-25,22383,33,74.90122297251965,LightGBM
2011-11-26,22383,0,30.723187200240446,LightGBM
2011-11-27,22383,37,50.032576730020345,LightGBM
2011-11-28,22383,56,62.759495687638285,LightGBM
2011-11-29,22383,19,91.15243185863167,LightGBM
2011-11-30,22383,12,79.81779191491047,LightGBM
2011-12-01,22383,5,90.55225515336055,LightGBM
2011-12-02,22383,36,75.24676608051408,LightGBM
2011-12-03,22383,0,35.33712918985967,LightGBM
2011-12-04,22383,8,48.27622152263076,LightGBM
2011-12-05,22383,23,66.9101045428693,LightGBM
2011-12-06,22383,37,74.60802170577608,LightGBM
2011-12-07,22383,17,76.82464586610702,LightGBM
2011-12-08,22383,33,76.4968725268274,LightGBM
2011-12-09,22383,2,65.47203400730507,LightGBM
