StockCode,Description,Forecast_Horizon_Days,Total_Forecast_Demand,Daily_Demand_Mean,Daily_Demand_Std,Lead_Time_Days,Service_Level_Pct,Safety_Stock,Reorder_Point,Suggested_Max_Inventory
22197,SMALL POPCORN HOLDER,30,11070.9,369.03,65.14,7,95,284,2868,8034
84077,WORLD WAR 2 GLIDERS ASSTD DESIGNS,30,10187.2,339.57,73.66,7,95,321,2699,7453
84879,ASSORTED COLOUR BIRD ORNAMENT,30,6167.4,205.58,59.64,7,95,260,1700,4578
22086,PAPER CHAIN KIT 50'S CHRISTMAS ,30,6031.8,201.06,33.83,7,95,148,1556,4371
85099B,JUMBO BAG RED RETROSPOT,30,5708.9,190.3,57.87,7,95,252,1585,4249
21915,RED  HARMONICA IN BOX ,30,5260.8,175.36,41.16,7,95,180,1408,3863
85123A,WHITE HANGING HEART T-LIGHT HOLDER,30,5212.1,173.74,58.78,7,95,256,1473,3905
22952,60 CAKE CASES VINTAGE CHRISTMAS,30,4270.9,142.36,33.41,7,95,146,1143,3136
22492,MINI PAINT SET VINTAGE ,30,3678.8,122.63,29.42,7,95,129,988,2705
21212,PACK OF 72 RETROSPOT CAKE CASES,30,3486.6,116.22,39.83,7,95,174,988,2615
84946,ANTIQUE SILVER TEA GLASS ETCHED,30,3458.5,115.28,23.13,7,95,101,908,2522
17003,BROCADE RING PURSE ,30,3150.8,105.03,62.59,7,95,273,1009,2479
84347,ROTATING SILVER ANGELS T-LIGHT HLDR,30,3085.4,102.85,50.37,7,95,220,940,2380
22616,PACK OF 12 LONDON TISSUES ,30,3007.4,100.25,32.65,7,95,143,845,2249
22178,VICTORIAN GLASS HANGING T-LIGHT,30,2987.8,99.59,19.22,7,95,84,782,2176
22386,JUMBO BAG PINK POLKADOT,30,2641.7,88.06,25.18,7,95,110,727,1960
21790,VINTAGE SNAP CARDS,30,2298.0,76.6,12.74,7,95,56,593,1665
22469,HEART OF WICKER SMALL,30,2136.1,71.2,15.65,7,95,69,568,1565
22355,CHARLOTTE BAG SUKI DESIGN,30,2017.0,67.23,22.45,7,95,98,569,1510
21731,RED TOADSTOOL LED NIGHT LIGHT,30,1998.9,66.63,20.76,7,95,91,558,1491
85099F,JUMBO BAG STRAWBERRY,30,1927.3,64.24,17.34,7,95,76,526,1426
21931,JUMBO STORAGE BAG SUKI,30,1847.3,61.58,17.24,7,95,76,508,1370
20724,RED RETROSPOT CHARLOTTE BAG,30,1757.3,58.58,14.47,7,95,63,474,1294
20725,LUNCH BAG RED RETROSPOT,30,1744.6,58.15,16.41,7,95,72,480,1294
22423,REGENCY CAKESTAND 3 TIER,30,1740.0,58.0,21.67,7,95,95,502,1314
84991,60 TEATIME FAIRY CAKE CASES,30,1722.2,57.41,16.96,7,95,74,476,1280
84992,72 SWEETHEART FAIRY CAKE CASES,30,1699.5,56.65,26.39,7,95,115,512,1305
21977,PACK OF 60 PINK PAISLEY CAKE CASES,30,1642.6,54.75,33.8,7,95,148,532,1298
85099C,JUMBO  BAG BAROQUE BLACK WHITE,30,1565.8,52.19,15.56,7,95,68,434,1165
21980,PACK OF 12 RED RETROSPOT TISSUES ,30,1502.3,50.08,23.61,7,95,103,454,1155
21232,STRAWBERRY CERAMIC TRINKET BOX,30,1433.0,47.77,15.26,7,95,67,402,1071
22411,JUMBO SHOPPER VINTAGE RED PAISLEY,30,1380.4,46.01,10.82,7,95,48,371,1015
84568,GIRLS ALPHABET IRON ON PATCHES ,30,1351.8,45.06,29.02,7,95,127,443,1074
21981,PACK OF 12 WOODLAND TISSUES ,30,1338.8,44.63,25.06,7,95,110,423,1048
21213,PACK OF 72 SKULL CAKE CASES,30,1317.1,43.9,12.25,7,95,54,362,976
15036,ASSORTED COLOURS SILK FAN,30,1307.1,43.57,19.97,7,95,87,392,1002
21929,JUMBO BAG PINK VINTAGE PAISLEY,30,1259.7,41.99,19.13,7,95,84,378,966
21498,RED RETROSPOT WRAP ,30,1206.1,40.2,11.5,7,95,51,333,896
21984,PACK OF 12 PINK PAISLEY TISSUES ,30,1136.7,37.89,22.21,7,95,97,363,893
22383,LUNCH BAG SUKI  DESIGN ,30,1121.5,37.38,9.59,7,95,42,304,828
21982,PACK OF 12 SUKI TISSUES ,30,1085.5,36.18,24.48,7,95,107,361,867
20727,LUNCH BAG  BLACK SKULL.,30,1037.8,34.59,10.89,7,95,48,291,775
21080,SET/20 RED RETROSPOT PAPER NAPKINS ,30,965.5,32.18,11.99,7,95,53,279,729
47566,PARTY BUNTING,30,871.0,29.03,9.68,7,95,43,247,653
22151,PLACE SETTING WHITE HEART,30,774.4,25.81,8.76,7,95,39,220,582
84970S,HANGING HEART ZINC T-LIGHT HOLDER,30,734.9,24.5,7.12,7,95,31,203,546
21975,PACK OF 60 DINOSAUR CAKE CASES,30,676.7,22.56,14.15,7,95,62,220,536
71459,HANGING JAM JAR T-LIGHT HOLDER,30,582.9,19.43,7.34,7,95,32,169,441
84755,COLOUR GLASS T-LIGHT HOLDER HANGING,30,572.3,19.08,8.61,7,95,38,172,439
21985,PACK OF 12 HEARTS DESIGN TISSUES ,30,510.4,17.01,13.57,7,95,60,180,418
