StockCode,Description,Stockout_Risk,Surge_Factor,Coeff_of_Variation,Safety_Stock,Reorder_Point
84077,WORLD WAR 2 GLIDERS ASSTD DESIGNS,HIGH,1.823,0.217,321,2699
84347,ROTATING SILVER ANGELS T-LIGHT HLDR,HIGH,2.111,0.49,220,940
21980,PACK OF 12 RED RETROSPOT TISSUES ,HIGH,2.153,0.471,103,454
21984,PACK OF 12 PINK PAISLEY TISSUES ,HIGH,3.227,0.586,97,363
84992,72 SWEETHEART FAIRY CAKE CASES,HIGH,1.609,0.466,115,512
22086,PAPER CHAIN KIT 50'S CHRISTMAS ,HIGH,1.732,0.168,148,1556
21931,JUMBO STORAGE BAG SUKI,HIGH,1.346,0.28,76,508
84946,ANTIQUE SILVER TEA GLASS ETCHED,HIGH,1.868,0.201,101,908
21731,RED TOADSTOOL LED NIGHT LIGHT,HIGH,1.8,0.312,91,558
84568,GIRLS ALPHABET IRON ON PATCHES ,HIGH,1.929,0.644,127,443
21232,STRAWBERRY CERAMIC TRINKET BOX,HIGH,1.468,0.319,67,402
22616,PACK OF 12 LONDON TISSUES ,HIGH,1.758,0.326,143,845
21982,PACK OF 12 SUKI TISSUES ,HIGH,1.923,0.676,107,361
22178,VICTORIAN GLASS HANGING T-LIGHT,HIGH,1.419,0.193,84,782
84970S,HANGING HEART ZINC T-LIGHT HOLDER,HIGH,1.431,0.291,31,203
15036,ASSORTED COLOURS SILK FAN,HIGH,1.634,0.458,87,392
22423,REGENCY CAKESTAND 3 TIER,HIGH,1.894,0.374,95,502
17003,BROCADE RING PURSE ,HIGH,1.588,0.596,273,1009
84879,ASSORTED COLOUR BIRD ORNAMENT,HIGH,1.788,0.29,260,1700
22197,SMALL POPCORN HOLDER,HIGH,1.806,0.177,284,2868
85123A,WHITE HANGING HEART T-LIGHT HOLDER,HIGH,2.002,0.338,256,1473
21981,PACK OF 12 WOODLAND TISSUES ,HIGH,3.88,0.562,110,423
21929,JUMBO BAG PINK VINTAGE PAISLEY,HIGH,1.533,0.456,84,378
22355,CHARLOTTE BAG SUKI DESIGN,HIGH,1.516,0.334,98,569
22411,JUMBO SHOPPER VINTAGE RED PAISLEY,LOW,1.067,0.235,48,371
47566,PARTY BUNTING,LOW,1.079,0.333,43,247
21790,VINTAGE SNAP CARDS,LOW,1.071,0.166,56,593
20727,LUNCH BAG  BLACK SKULL.,LOW,0.934,0.315,48,291
22151,PLACE SETTING WHITE HEART,LOW,0.989,0.339,39,220
71459,HANGING JAM JAR T-LIGHT HOLDER,LOW,0.644,0.378,32,169
20725,LUNCH BAG RED RETROSPOT,LOW,1.091,0.282,72,480
84991,60 TEATIME FAIRY CAKE CASES,LOW,0.94,0.295,74,476
22386,JUMBO BAG PINK POLKADOT,LOW,0.941,0.286,110,727
21213,PACK OF 72 SKULL CAKE CASES,LOW,0.74,0.279,54,362
20724,RED RETROSPOT CHARLOTTE BAG,LOW,1.031,0.247,63,474
84755,COLOUR GLASS T-LIGHT HOLDER HANGING,LOW,0.63,0.451,38,172
21985,PACK OF 12 HEARTS DESIGN TISSUES ,MEDIUM,0.77,0.797,60,180
85099B,JUMBO BAG RED RETROSPOT,MEDIUM,1.129,0.304,252,1585
21212,PACK OF 72 RETROSPOT CAKE CASES,MEDIUM,1.228,0.343,174,988
21977,PACK OF 60 PINK PAISLEY CAKE CASES,MEDIUM,1.0,0.617,148,532
21498,RED RETROSPOT WRAP ,MEDIUM,1.224,0.286,51,333
22952,60 CAKE CASES VINTAGE CHRISTMAS,MEDIUM,1.152,0.235,146,1143
22469,HEART OF WICKER SMALL,MEDIUM,1.183,0.22,69,568
85099F,JUMBO BAG STRAWBERRY,MEDIUM,1.204,0.27,76,526
21915,RED  HARMONICA IN BOX ,MEDIUM,1.279,0.235,180,1408
85099C,JUMBO  BAG BAROQUE BLACK WHITE,MEDIUM,1.218,0.298,68,434
21080,SET/20 RED RETROSPOT PAPER NAPKINS ,MEDIUM,1.152,0.372,53,279
21975,PACK OF 60 DINOSAUR CAKE CASES,MEDIUM,0.611,0.628,62,220
22492,MINI PAINT SET VINTAGE ,MEDIUM,1.192,0.24,129,988
22383,LUNCH BAG SUKI  DESIGN ,MEDIUM,1.292,0.257,42,304
